draw_date,n1,n2,n3,n4,n5,source,official_datetime_utc,product_code,draw_number
2024-04-10,11,23,25,28,30,NLA official winning-numbers:5/39 Direct Tuesday:draw#136,2024-04-09T18:45:00Z,5/39 Direct Tuesday,136
2024-04-11,17,18,20,32,34,NLA official winning-numbers:5/39 Direct Wednesday:draw#139,2024-04-10T18:45:00Z,5/39 Direct Wednesday,139
2024-04-12,11,12,23,38,39,NLA official winning-numbers:5/39 Direct Thursday:draw#139,2024-04-11T18:45:00Z,5/39 Direct Thursday,139
2024-04-13,6,8,12,27,30,NLA official winning-numbers:5/39 Direct Friday:draw#136,2024-04-12T18:45:00Z,5/39 Direct Friday,136
2024-04-14,13,14,17,26,28,NLA official winning-numbers:5/39 Direct Saturday:draw#137,2024-04-13T18:45:00Z,5/39 Direct Saturday,137
2024-04-16,4,17,21,32,36,NLA official winning-numbers:5/39 Direct Monday:draw#401,2024-04-15T18:45:00Z,5/39 Direct Monday,401
2024-04-17,3,7,14,18,21,NLA official winning-numbers:5/39 Direct Tuesday:draw#137,2024-04-16T18:45:00Z,5/39 Direct Tuesday,137
2024-04-18,11,16,18,36,38,NLA official winning-numbers:5/39 Direct Wednesday:draw#140,2024-04-17T18:45:00Z,5/39 Direct Wednesday,140
2024-04-19,4,14,19,24,25,NLA official winning-numbers:5/39 Direct Thursday:draw#140,2024-04-18T18:45:00Z,5/39 Direct Thursday,140
2024-04-20,7,25,31,33,35,NLA official winning-numbers:5/39 Direct Friday:draw#137,2024-04-19T18:45:00Z,5/39 Direct Friday,137
2024-04-21,5,17,24,27,34,NLA official winning-numbers:5/39 Direct Saturday:draw#138,2024-04-20T18:45:00Z,5/39 Direct Saturday,138
2024-04-23,3,12,16,25,36,NLA official winning-numbers:5/39 Direct Monday:draw#402,2024-04-22T18:45:00Z,5/39 Direct Monday,402
2024-04-24,12,15,23,32,37,NLA official winning-numbers:5/39 Direct Tuesday:draw#138,2024-04-23T18:45:00Z,5/39 Direct Tuesday,138
2024-04-25,12,14,15,17,29,NLA official winning-numbers:5/39 Direct Wednesday:draw#141,2024-04-24T18:45:00Z,5/39 Direct Wednesday,141
2024-04-26,3,6,10,18,31,NLA official winning-numbers:5/39 Direct Thursday:draw#141,2024-04-25T18:45:00Z,5/39 Direct Thursday,141
2024-04-27,2,10,12,21,36,NLA official winning-numbers:5/39 Direct Friday:draw#138,2024-04-26T18:45:00Z,5/39 Direct Friday,138
2024-04-28,18,22,29,32,33,NLA official winning-numbers:5/39 Direct Saturday:draw#139,2024-04-27T18:45:00Z,5/39 Direct Saturday,139
2024-04-30,5,10,23,30,38,NLA official winning-numbers:5/39 Direct Monday:draw#403,2024-04-29T18:45:00Z,5/39 Direct Monday,403
2024-05-01,16,17,24,25,33,NLA official winning-numbers:5/39 Direct Tuesday:draw#139,2024-04-30T18:45:00Z,5/39 Direct Tuesday,139
2024-05-04,1,2,10,13,25,NLA official winning-numbers:5/39 Direct Friday:draw#139,2024-05-03T18:45:00Z,5/39 Direct Friday,139
2024-05-05,13,22,27,31,38,NLA official winning-numbers:5/39 Direct Saturday:draw#140,2024-05-04T18:45:00Z,5/39 Direct Saturday,140
2024-05-07,16,27,30,35,39,NLA official winning-numbers:5/39 Direct Monday:draw#404,2024-05-06T18:45:00Z,5/39 Direct Monday,404
2024-05-08,1,12,22,28,36,NLA official winning-numbers:5/39 Direct Tuesday:draw#140,2024-05-07T18:45:00Z,5/39 Direct Tuesday,140
2024-05-09,2,5,31,35,39,NLA official winning-numbers:5/39 Direct Wednesday:draw#143,2024-05-08T18:45:00Z,5/39 Direct Wednesday,143
2024-05-10,5,7,11,18,34,NLA official winning-numbers:5/39 Direct Thursday:draw#143,2024-05-09T18:45:00Z,5/39 Direct Thursday,143
2024-05-11,7,16,22,23,24,NLA official winning-numbers:5/39 Direct Friday:draw#140,2024-05-10T18:45:00Z,5/39 Direct Friday,140
2024-05-12,13,23,27,32,38,NLA official winning-numbers:5/39 Direct Saturday:draw#141,2024-05-11T18:45:00Z,5/39 Direct Saturday,141
2024-05-14,6,19,21,29,31,NLA official winning-numbers:5/39 Direct Monday:draw#405,2024-05-13T18:45:00Z,5/39 Direct Monday,405
2024-05-15,7,15,19,24,31,NLA official winning-numbers:5/39 Direct Tuesday:draw#141,2024-05-14T18:45:00Z,5/39 Direct Tuesday,141
2024-05-16,5,13,25,29,31,NLA official winning-numbers:5/39 Direct Wednesday:draw#144,2024-05-15T18:45:00Z,5/39 Direct Wednesday,144
2024-05-17,3,10,12,24,31,NLA official winning-numbers:5/39 Direct Thursday:draw#144,2024-05-16T18:45:00Z,5/39 Direct Thursday,144
2024-05-18,14,20,27,34,38,NLA official winning-numbers:5/39 Direct Friday:draw#141,2024-05-17T18:45:00Z,5/39 Direct Friday,141
2024-05-19,4,11,18,26,39,NLA official winning-numbers:5/39 Direct Saturday:draw#142,2024-05-18T18:45:00Z,5/39 Direct Saturday,142
2024-05-21,5,9,14,30,37,NLA official winning-numbers:5/39 Direct Monday:draw#406,2024-05-20T18:45:00Z,5/39 Direct Monday,406
2024-05-22,4,8,27,29,37,NLA official winning-numbers:5/39 Direct Tuesday:draw#142,2024-05-21T18:45:00Z,5/39 Direct Tuesday,142
2024-05-23,4,5,18,35,36,NLA official winning-numbers:5/39 Direct Wednesday:draw#145,2024-05-22T18:45:00Z,5/39 Direct Wednesday,145
2024-05-24,5,7,28,33,35,NLA official winning-numbers:5/39 Direct Thursday:draw#145,2024-05-23T18:45:00Z,5/39 Direct Thursday,145
2024-05-25,5,6,19,23,30,NLA official winning-numbers:5/39 Direct Friday:draw#142,2024-05-24T18:45:00Z,5/39 Direct Friday,142
2024-05-26,7,20,23,34,37,NLA official winning-numbers:5/39 Direct Saturday:draw#143,2024-05-25T18:45:00Z,5/39 Direct Saturday,143
2024-05-28,1,9,20,22,29,NLA official winning-numbers:5/39 Direct Monday:draw#407,2024-05-27T18:45:00Z,5/39 Direct Monday,407
2024-05-29,2,5,8,12,16,NLA official winning-numbers:5/39 Direct Tuesday:draw#143,2024-05-28T18:45:00Z,5/39 Direct Tuesday,143
2024-05-30,1,17,18,22,23,NLA official winning-numbers:5/39 Direct Wednesday:draw#146,2024-05-29T18:45:00Z,5/39 Direct Wednesday,146
2024-05-31,4,11,12,21,38,NLA official winning-numbers:5/39 Direct Thursday:draw#146,2024-05-30T18:45:00Z,5/39 Direct Thursday,146
2024-06-01,7,10,11,24,36,NLA official winning-numbers:5/39 Direct Friday:draw#143,2024-05-31T18:45:00Z,5/39 Direct Friday,143
2024-06-02,6,13,14,18,30,NLA official winning-numbers:5/39 Direct Saturday:draw#144,2024-06-01T18:45:00Z,5/39 Direct Saturday,144
2024-06-04,2,7,17,22,39,NLA official winning-numbers:5/39 Direct Monday:draw#408,2024-06-03T18:45:00Z,5/39 Direct Monday,408
2024-06-05,7,9,12,13,27,NLA official winning-numbers:5/39 Direct Tuesday:draw#144,2024-06-04T18:45:00Z,5/39 Direct Tuesday,144
2024-06-06,5,16,19,20,34,NLA official winning-numbers:5/39 Direct Wednesday:draw#147,2024-06-05T18:45:00Z,5/39 Direct Wednesday,147
2024-06-07,3,6,22,24,26,NLA official winning-numbers:5/39 Direct Thursday:draw#147,2024-06-06T18:45:00Z,5/39 Direct Thursday,147
2024-06-08,4,19,20,25,35,NLA official winning-numbers:5/39 Direct Friday:draw#144,2024-06-07T18:45:00Z,5/39 Direct Friday,144
2024-06-09,5,13,26,34,37,NLA official winning-numbers:5/39 Direct Saturday:draw#145,2024-06-08T18:45:00Z,5/39 Direct Saturday,145
2024-06-11,6,14,21,23,24,NLA official winning-numbers:5/39 Direct Monday:draw#409,2024-06-10T18:45:00Z,5/39 Direct Monday,409
2024-06-12,2,12,14,16,17,NLA official winning-numbers:5/39 Direct Tuesday:draw#145,2024-06-11T18:45:00Z,5/39 Direct Tuesday,145
2024-06-13,7,10,13,17,34,NLA official winning-numbers:5/39 Direct Wednesday:draw#148,2024-06-12T18:45:00Z,5/39 Direct Wednesday,148
2024-06-14,9,20,26,27,31,NLA official winning-numbers:5/39 Direct Thursday:draw#148,2024-06-13T18:45:00Z,5/39 Direct Thursday,148
2024-06-15,12,23,24,25,39,NLA official winning-numbers:5/39 Direct Friday:draw#145,2024-06-14T18:45:00Z,5/39 Direct Friday,145
2024-06-16,7,14,21,27,33,NLA official winning-numbers:5/39 Direct Saturday:draw#146,2024-06-15T18:45:00Z,5/39 Direct Saturday,146
2024-06-18,14,26,31,35,38,NLA official winning-numbers:5/39 Direct Monday:draw#410,2024-06-17T18:45:00Z,5/39 Direct Monday,410
2024-06-19,2,16,21,23,25,NLA official winning-numbers:5/39 Direct Tuesday:draw#146,2024-06-18T18:45:00Z,5/39 Direct Tuesday,146
2024-06-20,12,14,25,36,37,NLA official winning-numbers:5/39 Direct Wednesday:draw#149,2024-06-19T18:45:00Z,5/39 Direct Wednesday,149
2024-06-21,6,10,11,32,38,NLA official winning-numbers:5/39 Direct Thursday:draw#149,2024-06-20T18:45:00Z,5/39 Direct Thursday,149
2024-06-22,20,26,27,29,33,NLA official winning-numbers:5/39 Direct Friday:draw#146,2024-06-21T18:45:00Z,5/39 Direct Friday,146
2024-06-23,19,21,29,35,38,NLA official winning-numbers:5/39 Direct Saturday:draw#147,2024-06-22T18:45:00Z,5/39 Direct Saturday,147
2024-06-25,1,5,6,20,25,NLA official winning-numbers:5/39 Direct Monday:draw#411,2024-06-24T18:45:00Z,5/39 Direct Monday,411
2024-06-26,4,6,22,27,28,NLA official winning-numbers:5/39 Direct Tuesday:draw#147,2024-06-25T18:45:00Z,5/39 Direct Tuesday,147
2024-06-27,1,5,10,11,18,NLA official winning-numbers:5/39 Direct Wednesday:draw#150,2024-06-26T18:45:00Z,5/39 Direct Wednesday,150
2024-06-28,4,18,21,23,34,NLA official winning-numbers:5/39 Direct Thursday:draw#150,2024-06-27T18:45:00Z,5/39 Direct Thursday,150
2024-06-29,1,2,4,34,35,NLA official winning-numbers:5/39 Direct Friday:draw#147,2024-06-28T18:45:00Z,5/39 Direct Friday,147
2024-06-30,4,13,21,26,29,NLA official winning-numbers:5/39 Direct Saturday:draw#148,2024-06-29T18:45:00Z,5/39 Direct Saturday,148
2024-07-02,2,20,26,29,35,NLA official winning-numbers:5/39 Direct Monday:draw#412,2024-07-01T18:45:00Z,5/39 Direct Monday,412
2024-07-03,19,27,33,35,39,NLA official winning-numbers:5/39 Direct Tuesday:draw#148,2024-07-02T18:45:00Z,5/39 Direct Tuesday,148
2024-07-04,1,20,33,35,37,NLA official winning-numbers:5/39 Direct Wednesday:draw#151,2024-07-03T18:45:00Z,5/39 Direct Wednesday,151
2024-07-05,4,16,18,22,25,NLA official winning-numbers:5/39 Direct Thursday:draw#151,2024-07-04T18:45:00Z,5/39 Direct Thursday,151
2024-07-06,18,19,21,24,31,NLA official winning-numbers:5/39 Direct Friday:draw#148,2024-07-05T18:45:00Z,5/39 Direct Friday,148
2024-07-07,2,9,29,33,38,NLA official winning-numbers:5/39 Direct Saturday:draw#149,2024-07-06T18:45:00Z,5/39 Direct Saturday,149
2024-07-09,3,8,15,19,20,NLA official winning-numbers:5/39 Direct Monday:draw#413,2024-07-08T18:45:00Z,5/39 Direct Monday,413
2024-07-10,2,6,18,20,27,NLA official winning-numbers:5/39 Direct Tuesday:draw#149,2024-07-09T18:45:00Z,5/39 Direct Tuesday,149
2024-07-11,11,13,18,28,29,NLA official winning-numbers:5/39 Direct Wednesday:draw#152,2024-07-10T18:45:00Z,5/39 Direct Wednesday,152
2024-07-12,2,5,25,26,35,NLA official winning-numbers:5/39 Direct Thursday:draw#152,2024-07-11T18:45:00Z,5/39 Direct Thursday,152
2024-07-13,4,5,14,30,31,NLA official winning-numbers:5/39 Direct Friday:draw#149,2024-07-12T18:45:00Z,5/39 Direct Friday,149
2024-07-14,18,23,27,28,36,NLA official winning-numbers:5/39 Direct Saturday:draw#150,2024-07-13T18:45:00Z,5/39 Direct Saturday,150
2024-07-16,15,18,31,37,38,NLA official winning-numbers:5/39 Direct Monday:draw#414,2024-07-15T18:45:00Z,5/39 Direct Monday,414
2024-07-17,6,11,26,32,34,NLA official winning-numbers:5/39 Direct Tuesday:draw#150,2024-07-16T18:45:00Z,5/39 Direct Tuesday,150
2024-07-18,12,22,23,31,33,NLA official winning-numbers:5/39 Direct Wednesday:draw#153,2024-07-17T18:45:00Z,5/39 Direct Wednesday,153
2024-07-19,5,18,19,30,37,NLA official winning-numbers:5/39 Direct Thursday:draw#153,2024-07-18T18:45:00Z,5/39 Direct Thursday,153
2024-07-20,13,20,24,29,32,NLA official winning-numbers:5/39 Direct Friday:draw#150,2024-07-19T18:45:00Z,5/39 Direct Friday,150
2024-07-21,16,18,19,26,36,NLA official winning-numbers:5/39 Direct Saturday:draw#151,2024-07-20T18:45:00Z,5/39 Direct Saturday,151
2024-07-23,1,2,15,25,34,NLA official winning-numbers:5/39 Direct Monday:draw#415,2024-07-22T18:45:00Z,5/39 Direct Monday,415
2024-07-24,2,5,6,18,26,NLA official winning-numbers:5/39 Direct Tuesday:draw#151,2024-07-23T18:45:00Z,5/39 Direct Tuesday,151
2024-07-25,4,8,28,33,37,NLA official winning-numbers:5/39 Direct Wednesday:draw#154,2024-07-24T18:45:00Z,5/39 Direct Wednesday,154
2024-07-26,1,19,23,34,36,NLA official winning-numbers:5/39 Direct Thursday:draw#154,2024-07-25T18:45:00Z,5/39 Direct Thursday,154
2024-07-27,10,13,14,16,37,NLA official winning-numbers:5/39 Direct Friday:draw#151,2024-07-26T18:45:00Z,5/39 Direct Friday,151
2024-07-28,6,12,17,23,33,NLA official winning-numbers:5/39 Direct Saturday:draw#152,2024-07-27T18:45:00Z,5/39 Direct Saturday,152
2024-07-30,16,20,21,33,39,NLA official winning-numbers:5/39 Direct Monday:draw#416,2024-07-29T18:45:00Z,5/39 Direct Monday,416
2024-07-31,8,27,32,34,37,NLA official winning-numbers:5/39 Direct Tuesday:draw#152,2024-07-30T18:45:00Z,5/39 Direct Tuesday,152
2024-08-01,10,19,23,27,34,NLA official winning-numbers:5/39 Direct Wednesday:draw#155,2024-07-31T18:45:00Z,5/39 Direct Wednesday,155
2024-08-02,5,8,19,34,37,NLA official winning-numbers:5/39 Direct Thursday:draw#155,2024-08-01T18:45:00Z,5/39 Direct Thursday,155
2024-08-03,1,5,20,21,28,NLA official winning-numbers:5/39 Direct Friday:draw#152,2024-08-02T18:45:00Z,5/39 Direct Friday,152
2024-08-04,5,8,20,32,37,NLA official winning-numbers:5/39 Direct Saturday:draw#153,2024-08-03T18:45:00Z,5/39 Direct Saturday,153
2024-08-06,7,25,33,36,37,NLA official winning-numbers:5/39 Direct Monday:draw#417,2024-08-05T18:45:00Z,5/39 Direct Monday,417
2024-08-07,3,14,18,31,36,NLA official winning-numbers:5/39 Direct Tuesday:draw#153,2024-08-06T18:45:00Z,5/39 Direct Tuesday,153
2024-08-08,22,24,25,31,35,NLA official winning-numbers:5/39 Direct Wednesday:draw#156,2024-08-07T18:45:00Z,5/39 Direct Wednesday,156
2024-08-09,13,20,22,26,37,NLA official winning-numbers:5/39 Direct Thursday:draw#156,2024-08-08T18:45:00Z,5/39 Direct Thursday,156
2024-08-10,10,18,29,38,39,NLA official winning-numbers:5/39 Direct Friday:draw#153,2024-08-09T18:45:00Z,5/39 Direct Friday,153
2024-08-11,10,11,23,33,39,NLA official winning-numbers:5/39 Direct Saturday:draw#154,2024-08-10T18:45:00Z,5/39 Direct Saturday,154
2024-08-13,7,10,13,29,37,NLA official winning-numbers:5/39 Direct Monday:draw#418,2024-08-12T18:45:00Z,5/39 Direct Monday,418
2024-08-14,6,20,21,27,37,NLA official winning-numbers:5/39 Direct Tuesday:draw#154,2024-08-13T18:45:00Z,5/39 Direct Tuesday,154
2024-08-15,4,5,16,22,35,NLA official winning-numbers:5/39 Direct Wednesday:draw#157,2024-08-14T18:45:00Z,5/39 Direct Wednesday,157
2024-08-16,9,10,15,30,36,NLA official winning-numbers:5/39 Direct Thursday:draw#157,2024-08-15T18:45:00Z,5/39 Direct Thursday,157
2024-08-17,3,11,18,20,36,NLA official winning-numbers:5/39 Direct Friday:draw#154,2024-08-16T18:45:00Z,5/39 Direct Friday,154
2024-08-18,17,19,22,30,35,NLA official winning-numbers:5/39 Direct Saturday:draw#155,2024-08-17T18:45:00Z,5/39 Direct Saturday,155
2024-08-20,4,12,18,20,36,NLA official winning-numbers:5/39 Direct Monday:draw#419,2024-08-19T18:45:00Z,5/39 Direct Monday,419
2024-08-21,1,4,20,22,33,NLA official winning-numbers:5/39 Direct Tuesday:draw#155,2024-08-20T18:45:00Z,5/39 Direct Tuesday,155
2024-08-22,1,2,19,22,30,NLA official winning-numbers:5/39 Direct Wednesday:draw#158,2024-08-21T18:45:00Z,5/39 Direct Wednesday,158
2024-08-23,3,11,15,31,37,NLA official winning-numbers:5/39 Direct Thursday:draw#158,2024-08-22T18:45:00Z,5/39 Direct Thursday,158
2024-08-24,12,26,29,33,36,NLA official winning-numbers:5/39 Direct Friday:draw#155,2024-08-23T18:45:00Z,5/39 Direct Friday,155
2024-08-25,5,8,9,12,26,NLA official winning-numbers:5/39 Direct Saturday:draw#156,2024-08-24T18:45:00Z,5/39 Direct Saturday,156
2024-08-27,9,14,26,30,31,NLA official winning-numbers:5/39 Direct Monday:draw#420,2024-08-26T18:45:00Z,5/39 Direct Monday,420
2024-08-28,3,7,29,32,33,NLA official winning-numbers:5/39 Direct Tuesday:draw#156,2024-08-27T18:45:00Z,5/39 Direct Tuesday,156
2024-08-29,1,10,13,30,37,NLA official winning-numbers:5/39 Direct Wednesday:draw#159,2024-08-28T18:45:00Z,5/39 Direct Wednesday,159
2024-08-30,2,14,29,30,35,NLA official winning-numbers:5/39 Direct Thursday:draw#159,2024-08-29T18:45:00Z,5/39 Direct Thursday,159
2024-08-31,3,6,11,23,26,NLA official winning-numbers:5/39 Direct Friday:draw#156,2024-08-30T18:45:00Z,5/39 Direct Friday,156
2024-09-01,8,12,22,31,39,NLA official winning-numbers:5/39 Direct Saturday:draw#157,2024-08-31T18:45:00Z,5/39 Direct Saturday,157
2024-09-03,1,2,3,22,34,NLA official winning-numbers:5/39 Direct Monday:draw#421,2024-09-02T18:45:00Z,5/39 Direct Monday,421
2024-09-04,22,25,33,37,39,NLA official winning-numbers:5/39 Direct Tuesday:draw#157,2024-09-03T18:45:00Z,5/39 Direct Tuesday,157
2024-09-05,15,20,26,29,30,NLA official winning-numbers:5/39 Direct Wednesday:draw#160,2024-09-04T18:45:00Z,5/39 Direct Wednesday,160
2024-09-06,1,5,11,21,27,NLA official winning-numbers:5/39 Direct Thursday:draw#160,2024-09-05T18:45:00Z,5/39 Direct Thursday,160
2024-09-07,10,16,23,24,38,NLA official winning-numbers:5/39 Direct Friday:draw#157,2024-09-06T18:45:00Z,5/39 Direct Friday,157
2024-09-08,2,3,5,16,28,NLA official winning-numbers:5/39 Direct Saturday:draw#158,2024-09-07T18:45:00Z,5/39 Direct Saturday,158
2024-09-10,3,4,17,21,23,NLA official winning-numbers:5/39 Direct Monday:draw#422,2024-09-09T18:45:00Z,5/39 Direct Monday,422
2024-09-11,13,16,18,19,35,NLA official winning-numbers:5/39 Direct Tuesday:draw#158,2024-09-10T18:45:00Z,5/39 Direct Tuesday,158
2024-09-12,7,13,17,24,27,NLA official winning-numbers:5/39 Direct Wednesday:draw#161,2024-09-11T18:45:00Z,5/39 Direct Wednesday,161
2024-09-13,1,16,19,35,39,NLA official winning-numbers:5/39 Direct Thursday:draw#161,2024-09-12T18:45:00Z,5/39 Direct Thursday,161
2024-09-14,8,12,21,23,27,NLA official winning-numbers:5/39 Direct Friday:draw#158,2024-09-13T18:45:00Z,5/39 Direct Friday,158
2024-09-15,1,5,10,18,32,NLA official winning-numbers:5/39 Direct Saturday:draw#159,2024-09-14T18:45:00Z,5/39 Direct Saturday,159
2024-09-17,3,6,22,25,31,NLA official winning-numbers:5/39 Direct Monday:draw#423,2024-09-16T18:45:00Z,5/39 Direct Monday,423
2024-09-18,2,8,12,17,38,NLA official winning-numbers:5/39 Direct Tuesday:draw#159,2024-09-17T18:45:00Z,5/39 Direct Tuesday,159
2024-09-19,2,7,17,18,36,NLA official winning-numbers:5/39 Direct Wednesday:draw#162,2024-09-18T18:45:00Z,5/39 Direct Wednesday,162
2024-09-20,2,9,21,28,37,NLA official winning-numbers:5/39 Direct Thursday:draw#162,2024-09-19T18:45:00Z,5/39 Direct Thursday,162
2024-09-21,9,12,16,19,34,NLA official winning-numbers:5/39 Direct Friday:draw#159,2024-09-20T18:45:00Z,5/39 Direct Friday,159
2024-09-22,3,20,26,33,39,NLA official winning-numbers:5/39 Direct Saturday:draw#160,2024-09-21T18:45:00Z,5/39 Direct Saturday,160
2024-09-24,1,19,23,30,39,NLA official winning-numbers:5/39 Direct Monday:draw#424,2024-09-23T18:45:00Z,5/39 Direct Monday,424
2024-09-25,4,22,23,32,38,NLA official winning-numbers:5/39 Direct Tuesday:draw#160,2024-09-24T18:45:00Z,5/39 Direct Tuesday,160
2024-09-26,1,6,14,21,32,NLA official winning-numbers:5/39 Direct Wednesday:draw#163,2024-09-25T18:45:00Z,5/39 Direct Wednesday,163
2024-09-27,12,25,28,31,32,NLA official winning-numbers:5/39 Direct Thursday:draw#163,2024-09-26T18:45:00Z,5/39 Direct Thursday,163
2024-09-28,3,11,17,22,39,NLA official winning-numbers:5/39 Direct Friday:draw#160,2024-09-27T18:45:00Z,5/39 Direct Friday,160
2024-09-29,10,17,18,22,32,NLA official winning-numbers:5/39 Direct Saturday:draw#161,2024-09-28T18:45:00Z,5/39 Direct Saturday,161
2024-10-01,7,11,15,25,31,NLA official winning-numbers:5/39 Direct Monday:draw#425,2024-09-30T18:45:00Z,5/39 Direct Monday,425
2024-10-02,8,10,15,22,36,NLA official winning-numbers:5/39 Direct Tuesday:draw#161,2024-10-01T18:45:00Z,5/39 Direct Tuesday,161
2024-10-03,12,17,24,28,39,NLA official winning-numbers:5/39 Direct Wednesday:draw#164,2024-10-02T18:45:00Z,5/39 Direct Wednesday,164
2024-10-04,7,15,17,29,37,NLA official winning-numbers:5/39 Direct Thursday:draw#164,2024-10-03T18:45:00Z,5/39 Direct Thursday,164
2024-10-05,2,10,13,18,24,NLA official winning-numbers:5/39 Direct Friday:draw#161,2024-10-04T18:45:00Z,5/39 Direct Friday,161
2024-10-06,1,13,20,21,27,NLA official winning-numbers:5/39 Direct Saturday:draw#162,2024-10-05T18:45:00Z,5/39 Direct Saturday,162
2024-10-08,8,12,22,28,37,NLA official winning-numbers:5/39 Direct Monday:draw#426,2024-10-07T18:45:00Z,5/39 Direct Monday,426
2024-10-09,2,5,12,25,38,NLA official winning-numbers:5/39 Direct Tuesday:draw#162,2024-10-08T18:45:00Z,5/39 Direct Tuesday,162
2024-10-10,2,18,21,26,27,NLA official winning-numbers:5/39 Direct Wednesday:draw#165,2024-10-09T18:45:00Z,5/39 Direct Wednesday,165
2024-10-11,6,7,17,23,28,NLA official winning-numbers:5/39 Direct Thursday:draw#165,2024-10-10T18:45:00Z,5/39 Direct Thursday,165
2024-10-12,7,18,28,35,36,NLA official winning-numbers:5/39 Direct Friday:draw#162,2024-10-11T18:45:00Z,5/39 Direct Friday,162
2024-10-13,9,24,29,38,39,NLA official winning-numbers:5/39 Direct Saturday:draw#163,2024-10-12T18:45:00Z,5/39 Direct Saturday,163
2024-10-15,8,10,21,33,39,NLA official winning-numbers:5/39 Direct Monday:draw#427,2024-10-14T18:45:00Z,5/39 Direct Monday,427
2024-10-16,4,21,23,29,38,NLA official winning-numbers:5/39 Direct Tuesday:draw#163,2024-10-15T18:45:00Z,5/39 Direct Tuesday,163
2024-10-17,4,6,9,21,22,NLA official winning-numbers:5/39 Direct Wednesday:draw#166,2024-10-16T18:45:00Z,5/39 Direct Wednesday,166
2024-10-18,3,14,15,19,34,NLA official winning-numbers:5/39 Direct Thursday:draw#166,2024-10-17T18:45:00Z,5/39 Direct Thursday,166
2024-10-19,1,8,13,29,33,NLA official winning-numbers:5/39 Direct Friday:draw#163,2024-10-18T18:45:00Z,5/39 Direct Friday,163
2024-10-20,4,25,33,34,37,NLA official winning-numbers:5/39 Direct Saturday:draw#164,2024-10-19T18:45:00Z,5/39 Direct Saturday,164
2024-10-22,11,21,27,29,32,NLA official winning-numbers:5/39 Direct Monday:draw#428,2024-10-21T18:45:00Z,5/39 Direct Monday,428
2024-10-23,6,9,14,18,37,NLA official winning-numbers:5/39 Direct Tuesday:draw#164,2024-10-22T18:45:00Z,5/39 Direct Tuesday,164
2024-10-24,12,18,28,34,36,NLA official winning-numbers:5/39 Direct Wednesday:draw#167,2024-10-23T18:45:00Z,5/39 Direct Wednesday,167
2024-10-25,4,11,25,26,29,NLA official winning-numbers:5/39 Direct Thursday:draw#167,2024-10-24T18:45:00Z,5/39 Direct Thursday,167
2024-10-26,1,18,20,25,28,NLA official winning-numbers:5/39 Direct Friday:draw#164,2024-10-25T18:45:00Z,5/39 Direct Friday,164
2024-10-27,24,25,26,28,36,NLA official winning-numbers:5/39 Direct Saturday:draw#165,2024-10-26T18:45:00Z,5/39 Direct Saturday,165
2024-10-29,6,23,27,30,36,NLA official winning-numbers:5/39 Direct Monday:draw#429,2024-10-28T18:45:00Z,5/39 Direct Monday,429
2024-10-30,2,8,19,28,30,NLA official winning-numbers:5/39 Direct Tuesday:draw#165,2024-10-29T18:45:00Z,5/39 Direct Tuesday,165
2024-10-31,5,7,11,32,36,NLA official winning-numbers:5/39 Direct Wednesday:draw#168,2024-10-30T18:45:00Z,5/39 Direct Wednesday,168
2024-11-01,9,16,29,31,38,NLA official winning-numbers:5/39 Direct Thursday:draw#168,2024-10-31T18:45:00Z,5/39 Direct Thursday,168
2024-11-02,1,12,23,29,34,NLA official winning-numbers:5/39 Direct Friday:draw#165,2024-11-01T18:45:00Z,5/39 Direct Friday,165
2024-11-03,7,14,21,24,35,NLA official winning-numbers:5/39 Direct Saturday:draw#166,2024-11-02T18:45:00Z,5/39 Direct Saturday,166
2024-11-05,14,21,23,31,32,NLA official winning-numbers:5/39 Direct Monday:draw#430,2024-11-04T18:45:00Z,5/39 Direct Monday,430
2024-11-06,9,13,18,28,39,NLA official winning-numbers:5/39 Direct Tuesday:draw#166,2024-11-05T18:45:00Z,5/39 Direct Tuesday,166
2024-11-07,13,17,20,25,30,NLA official winning-numbers:5/39 Direct Wednesday:draw#169,2024-11-06T18:45:00Z,5/39 Direct Wednesday,169
2024-11-08,3,15,19,23,36,NLA official winning-numbers:5/39 Direct Thursday:draw#169,2024-11-07T18:45:00Z,5/39 Direct Thursday,169
2024-11-09,9,31,33,36,39,NLA official winning-numbers:5/39 Direct Friday:draw#166,2024-11-08T18:45:00Z,5/39 Direct Friday,166
2024-11-10,3,22,29,34,38,NLA official winning-numbers:5/39 Direct Saturday:draw#167,2024-11-09T18:45:00Z,5/39 Direct Saturday,167
2024-11-12,6,13,19,21,36,NLA official winning-numbers:5/39 Direct Monday:draw#431,2024-11-11T18:45:00Z,5/39 Direct Monday,431
2024-11-13,5,10,15,22,32,NLA official winning-numbers:5/39 Direct Tuesday:draw#167,2024-11-12T18:45:00Z,5/39 Direct Tuesday,167
2024-11-14,2,3,23,26,34,NLA official winning-numbers:5/39 Direct Wednesday:draw#170,2024-11-13T18:45:00Z,5/39 Direct Wednesday,170
2024-11-15,8,12,22,24,33,NLA official winning-numbers:5/39 Direct Thursday:draw#170,2024-11-14T18:45:00Z,5/39 Direct Thursday,170
2024-11-16,2,8,18,21,31,NLA official winning-numbers:5/39 Direct Friday:draw#167,2024-11-15T18:45:00Z,5/39 Direct Friday,167
2024-11-17,11,14,24,25,27,NLA official winning-numbers:5/39 Direct Saturday:draw#168,2024-11-16T18:45:00Z,5/39 Direct Saturday,168
2024-11-19,3,19,23,30,35,NLA official winning-numbers:5/39 Direct Monday:draw#432,2024-11-18T18:45:00Z,5/39 Direct Monday,432
2024-11-20,7,10,13,34,36,NLA official winning-numbers:5/39 Direct Tuesday:draw#168,2024-11-19T18:45:00Z,5/39 Direct Tuesday,168
2024-11-21,2,5,8,26,37,NLA official winning-numbers:5/39 Direct Wednesday:draw#171,2024-11-20T18:45:00Z,5/39 Direct Wednesday,171
2024-11-22,6,9,17,20,34,NLA official winning-numbers:5/39 Direct Thursday:draw#171,2024-11-21T18:45:00Z,5/39 Direct Thursday,171
2024-11-23,5,15,17,29,33,NLA official winning-numbers:5/39 Direct Friday:draw#168,2024-11-22T18:45:00Z,5/39 Direct Friday,168
2024-11-24,2,9,25,28,35,NLA official winning-numbers:5/39 Direct Saturday:draw#169,2024-11-23T18:45:00Z,5/39 Direct Saturday,169
2024-11-26,10,13,19,20,26,NLA official winning-numbers:5/39 Direct Monday:draw#433,2024-11-25T18:45:00Z,5/39 Direct Monday,433
2024-11-27,7,13,14,32,37,NLA official winning-numbers:5/39 Direct Tuesday:draw#169,2024-11-26T18:45:00Z,5/39 Direct Tuesday,169
2024-11-28,6,17,19,29,38,NLA official winning-numbers:5/39 Direct Wednesday:draw#172,2024-11-27T18:45:00Z,5/39 Direct Wednesday,172
2024-11-29,5,12,13,33,34,NLA official winning-numbers:5/39 Direct Thursday:draw#172,2024-11-28T18:45:00Z,5/39 Direct Thursday,172
2024-11-30,1,8,15,35,36,NLA official winning-numbers:5/39 Direct Friday:draw#169,2024-11-29T18:45:00Z,5/39 Direct Friday,169
2024-12-01,3,10,11,19,25,NLA official winning-numbers:5/39 Direct Saturday:draw#170,2024-11-30T18:45:00Z,5/39 Direct Saturday,170
2024-12-03,4,17,25,27,35,NLA official winning-numbers:5/39 Direct Monday:draw#434,2024-12-02T18:45:00Z,5/39 Direct Monday,434
2024-12-04,6,17,24,30,32,NLA official winning-numbers:5/39 Direct Tuesday:draw#170,2024-12-03T18:45:00Z,5/39 Direct Tuesday,170
2024-12-05,5,19,21,32,39,NLA official winning-numbers:5/39 Direct Wednesday:draw#173,2024-12-04T18:45:00Z,5/39 Direct Wednesday,173
2024-12-06,2,7,16,17,35,NLA official winning-numbers:5/39 Direct Thursday:draw#173,2024-12-05T18:45:00Z,5/39 Direct Thursday,173
2024-12-07,8,9,18,25,35,NLA official winning-numbers:5/39 Direct Friday:draw#170,2024-12-06T18:45:00Z,5/39 Direct Friday,170
2024-12-08,4,9,11,23,30,NLA official winning-numbers:5/39 Direct Saturday:draw#171,2024-12-07T18:45:00Z,5/39 Direct Saturday,171
2024-12-10,2,10,19,30,36,NLA official winning-numbers:5/39 Direct Monday:draw#435,2024-12-09T18:45:00Z,5/39 Direct Monday,435
2024-12-11,24,27,28,29,32,NLA official winning-numbers:5/39 Direct Tuesday:draw#171,2024-12-10T18:45:00Z,5/39 Direct Tuesday,171
2024-12-12,2,12,16,37,38,NLA official winning-numbers:5/39 Direct Wednesday:draw#174,2024-12-11T18:45:00Z,5/39 Direct Wednesday,174
2024-12-13,1,4,11,23,26,NLA official winning-numbers:5/39 Direct Thursday:draw#174,2024-12-12T18:45:00Z,5/39 Direct Thursday,174
2024-12-14,5,26,28,33,38,NLA official winning-numbers:5/39 Direct Friday:draw#171,2024-12-13T18:45:00Z,5/39 Direct Friday,171
2024-12-15,2,13,18,28,35,NLA official winning-numbers:5/39 Direct Saturday:draw#172,2024-12-14T18:45:00Z,5/39 Direct Saturday,172
2024-12-17,8,9,15,31,35,NLA official winning-numbers:5/39 Direct Monday:draw#436,2024-12-16T18:45:00Z,5/39 Direct Monday,436
2024-12-18,6,11,12,17,33,NLA official winning-numbers:5/39 Direct Tuesday:draw#172,2024-12-17T18:45:00Z,5/39 Direct Tuesday,172
2024-12-19,3,10,20,26,35,NLA official winning-numbers:5/39 Direct Wednesday:draw#175,2024-12-18T18:45:00Z,5/39 Direct Wednesday,175
2024-12-20,2,4,13,15,36,NLA official winning-numbers:5/39 Direct Thursday:draw#175,2024-12-19T18:45:00Z,5/39 Direct Thursday,175
2024-12-21,1,10,14,20,30,NLA official winning-numbers:5/39 Direct Friday:draw#172,2024-12-20T18:45:00Z,5/39 Direct Friday,172
2024-12-22,6,7,20,26,38,NLA official winning-numbers:5/39 Direct Saturday:draw#173,2024-12-21T18:45:00Z,5/39 Direct Saturday,173
2024-12-24,2,8,29,35,39,NLA official winning-numbers:5/39 Direct Monday:draw#437,2024-12-23T18:45:00Z,5/39 Direct Monday,437
2024-12-25,10,12,22,23,29,NLA official winning-numbers:5/39 Direct Tuesday:draw#173,2024-12-24T18:45:00Z,5/39 Direct Tuesday,173
2024-12-27,1,9,11,12,32,NLA official winning-numbers:5/39 Direct Thursday:draw#176,2024-12-26T18:45:00Z,5/39 Direct Thursday,176
2024-12-28,18,19,21,31,33,NLA official winning-numbers:5/39 Direct Friday:draw#173,2024-12-27T18:45:00Z,5/39 Direct Friday,173
2024-12-29,6,15,25,31,36,NLA official winning-numbers:5/39 Direct Saturday:draw#174,2024-12-28T18:45:00Z,5/39 Direct Saturday,174
2024-12-31,12,16,17,19,25,NLA official winning-numbers:5/39 Direct Monday:draw#438,2024-12-30T18:45:00Z,5/39 Direct Monday,438
2025-01-01,6,14,23,25,33,NLA official winning-numbers:5/39 Direct Tuesday:draw#174,2024-12-31T18:45:00Z,5/39 Direct Tuesday,174
2025-01-02,3,13,19,29,31,NLA official winning-numbers:5/39 Direct Wednesday:draw#176,2025-01-01T18:45:00Z,5/39 Direct Wednesday,176
2025-01-03,1,21,30,36,39,NLA official winning-numbers:5/39 Direct Thursday:draw#177,2025-01-02T18:45:00Z,5/39 Direct Thursday,177
2025-01-04,4,15,27,28,29,NLA official winning-numbers:5/39 Direct Friday:draw#174,2025-01-03T18:45:00Z,5/39 Direct Friday,174
2025-01-05,8,13,27,31,32,NLA official winning-numbers:5/39 Direct Saturday:draw#175,2025-01-04T18:45:00Z,5/39 Direct Saturday,175
2025-01-07,22,30,34,36,38,NLA official winning-numbers:5/39 Direct Monday:draw#439,2025-01-06T18:45:00Z,5/39 Direct Monday,439
2025-01-08,9,14,16,22,26,NLA official winning-numbers:5/39 Direct Tuesday:draw#175,2025-01-07T18:45:00Z,5/39 Direct Tuesday,175
2025-01-09,5,10,12,29,30,NLA official winning-numbers:5/39 Direct Wednesday:draw#177,2025-01-08T18:45:00Z,5/39 Direct Wednesday,177
2025-01-10,4,11,17,21,22,NLA official winning-numbers:5/39 Direct Thursday:draw#178,2025-01-09T18:45:00Z,5/39 Direct Thursday,178
2025-01-11,11,17,20,25,39,NLA official winning-numbers:5/39 Direct Friday:draw#175,2025-01-10T18:45:00Z,5/39 Direct Friday,175
2025-01-12,3,13,15,29,39,NLA official winning-numbers:5/39 Direct Saturday:draw#176,2025-01-11T18:45:00Z,5/39 Direct Saturday,176
2025-01-14,2,15,18,33,37,NLA official winning-numbers:5/39 Direct Monday:draw#440,2025-01-13T18:45:00Z,5/39 Direct Monday,440
2025-01-15,14,19,26,28,37,NLA official winning-numbers:5/39 Direct Tuesday:draw#176,2025-01-14T18:45:00Z,5/39 Direct Tuesday,176
2025-01-16,6,12,14,30,36,NLA official winning-numbers:5/39 Direct Wednesday:draw#178,2025-01-15T18:45:00Z,5/39 Direct Wednesday,178
2025-01-17,5,6,21,25,38,NLA official winning-numbers:5/39 Direct Thursday:draw#179,2025-01-16T18:45:00Z,5/39 Direct Thursday,179
2025-01-18,6,7,21,26,38,NLA official winning-numbers:5/39 Direct Friday:draw#176,2025-01-17T18:45:00Z,5/39 Direct Friday,176
2025-01-19,4,9,26,34,39,NLA official winning-numbers:5/39 Direct Saturday:draw#177,2025-01-18T18:45:00Z,5/39 Direct Saturday,177
2025-01-21,1,27,29,30,36,NLA official winning-numbers:5/39 Direct Monday:draw#441,2025-01-20T18:45:00Z,5/39 Direct Monday,441
2025-01-22,5,14,21,23,27,NLA official winning-numbers:5/39 Direct Tuesday:draw#177,2025-01-21T18:45:00Z,5/39 Direct Tuesday,177
2025-01-23,1,2,5,14,37,NLA official winning-numbers:5/39 Direct Wednesday:draw#179,2025-01-22T18:45:00Z,5/39 Direct Wednesday,179
2025-01-24,6,11,12,20,25,NLA official winning-numbers:5/39 Direct Thursday:draw#180,2025-01-23T18:45:00Z,5/39 Direct Thursday,180
2025-01-25,2,3,14,27,36,NLA official winning-numbers:5/39 Direct Friday:draw#177,2025-01-24T18:45:00Z,5/39 Direct Friday,177
2025-01-26,8,9,22,36,38,NLA official winning-numbers:5/39 Direct Saturday:draw#178,2025-01-25T18:45:00Z,5/39 Direct Saturday,178
2025-01-28,11,19,22,30,31,NLA official winning-numbers:5/39 Direct Monday:draw#442,2025-01-27T18:45:00Z,5/39 Direct Monday,442
2025-01-29,3,7,13,17,21,NLA official winning-numbers:5/39 Direct Tuesday:draw#178,2025-01-28T18:45:00Z,5/39 Direct Tuesday,178
2025-01-30,5,12,33,35,38,NLA official winning-numbers:5/39 Direct Wednesday:draw#180,2025-01-29T18:45:00Z,5/39 Direct Wednesday,180
2025-01-31,13,15,16,33,34,NLA official winning-numbers:5/39 Direct Thursday:draw#181,2025-01-30T18:45:00Z,5/39 Direct Thursday,181
2025-02-01,24,25,27,30,32,NLA official winning-numbers:5/39 Direct Friday:draw#178,2025-01-31T18:45:00Z,5/39 Direct Friday,178
2025-02-02,9,10,12,25,27,NLA official winning-numbers:5/39 Direct Saturday:draw#179,2025-02-01T18:45:00Z,5/39 Direct Saturday,179
2025-02-04,10,17,21,22,35,NLA official winning-numbers:5/39 Direct Monday:draw#443,2025-02-03T18:45:00Z,5/39 Direct Monday,443
2025-02-05,13,18,27,33,37,NLA official winning-numbers:5/39 Direct Tuesday:draw#179,2025-02-04T18:45:00Z,5/39 Direct Tuesday,179
2025-02-06,7,10,30,32,35,NLA official winning-numbers:5/39 Direct Wednesday:draw#181,2025-02-05T18:45:00Z,5/39 Direct Wednesday,181
2025-02-07,4,6,8,17,37,NLA official winning-numbers:5/39 Direct Thursday:draw#182,2025-02-06T18:45:00Z,5/39 Direct Thursday,182
2025-02-08,4,9,12,26,29,NLA official winning-numbers:5/39 Direct Friday:draw#179,2025-02-07T18:45:00Z,5/39 Direct Friday,179
2025-02-09,1,8,22,36,39,NLA official winning-numbers:5/39 Direct Saturday:draw#180,2025-02-08T18:45:00Z,5/39 Direct Saturday,180
2025-02-11,15,18,28,34,38,NLA official winning-numbers:5/39 Direct Monday:draw#444,2025-02-10T18:45:00Z,5/39 Direct Monday,444
2025-02-12,7,12,16,32,38,NLA official winning-numbers:5/39 Direct Tuesday:draw#180,2025-02-11T18:45:00Z,5/39 Direct Tuesday,180
2025-02-13,3,16,18,23,26,NLA official winning-numbers:5/39 Direct Wednesday:draw#182,2025-02-12T18:45:00Z,5/39 Direct Wednesday,182
2025-02-14,2,9,10,31,37,NLA official winning-numbers:5/39 Direct Thursday:draw#183,2025-02-13T18:45:00Z,5/39 Direct Thursday,183
2025-02-15,5,12,18,31,33,NLA official winning-numbers:5/39 Direct Friday:draw#180,2025-02-14T18:45:00Z,5/39 Direct Friday,180
2025-02-16,2,4,15,22,25,NLA official winning-numbers:5/39 Direct Saturday:draw#181,2025-02-15T18:45:00Z,5/39 Direct Saturday,181
2025-02-18,13,35,37,38,39,NLA official winning-numbers:5/39 Direct Monday:draw#445,2025-02-17T18:45:00Z,5/39 Direct Monday,445
2025-02-19,19,30,35,36,39,NLA official winning-numbers:5/39 Direct Tuesday:draw#181,2025-02-18T18:45:00Z,5/39 Direct Tuesday,181
2025-02-20,1,13,26,30,36,NLA official winning-numbers:5/39 Direct Wednesday:draw#183,2025-02-19T18:45:00Z,5/39 Direct Wednesday,183
2025-02-21,1,4,15,33,37,NLA official winning-numbers:5/39 Direct Thursday:draw#184,2025-02-20T18:45:00Z,5/39 Direct Thursday,184
2025-02-22,2,6,18,32,36,NLA official winning-numbers:5/39 Direct Friday:draw#181,2025-02-21T18:45:00Z,5/39 Direct Friday,181
2025-02-23,9,14,26,32,35,NLA official winning-numbers:5/39 Direct Saturday:draw#182,2025-02-22T18:45:00Z,5/39 Direct Saturday,182
2025-02-25,3,8,18,26,34,NLA official winning-numbers:5/39 Direct Monday:draw#446,2025-02-24T18:45:00Z,5/39 Direct Monday,446
2025-02-26,2,4,5,34,36,NLA official winning-numbers:5/39 Direct Tuesday:draw#182,2025-02-25T18:45:00Z,5/39 Direct Tuesday,182
2025-02-27,7,18,36,37,38,NLA official winning-numbers:5/39 Direct Wednesday:draw#184,2025-02-26T18:45:00Z,5/39 Direct Wednesday,184
2025-02-28,5,15,30,34,38,NLA official winning-numbers:5/39 Direct Thursday:draw#185,2025-02-27T18:45:00Z,5/39 Direct Thursday,185
2025-03-01,15,19,21,28,30,NLA official winning-numbers:5/39 Direct Friday:draw#182,2025-02-28T18:45:00Z,5/39 Direct Friday,182
2025-03-02,13,21,24,25,38,NLA official winning-numbers:5/39 Direct Saturday:draw#183,2025-03-01T18:45:00Z,5/39 Direct Saturday,183
2025-03-04,1,10,12,27,34,NLA official winning-numbers:5/39 Direct Monday:draw#447,2025-03-03T18:45:00Z,5/39 Direct Monday,447
2025-03-05,14,18,29,30,39,NLA official winning-numbers:5/39 Direct Tuesday:draw#183,2025-03-04T18:45:00Z,5/39 Direct Tuesday,183
2025-03-06,4,24,26,33,39,NLA official winning-numbers:5/39 Direct Wednesday:draw#185,2025-03-05T18:45:00Z,5/39 Direct Wednesday,185
2025-03-07,3,18,22,29,36,NLA official winning-numbers:5/39 Direct Thursday:draw#186,2025-03-06T18:45:00Z,5/39 Direct Thursday,186
2025-03-08,1,2,6,7,14,NLA official winning-numbers:5/39 Direct Friday:draw#183,2025-03-07T18:45:00Z,5/39 Direct Friday,183
2025-03-09,9,10,14,17,32,NLA official winning-numbers:5/39 Direct Saturday:draw#184,2025-03-08T18:45:00Z,5/39 Direct Saturday,184
2025-03-11,14,23,25,29,30,NLA official winning-numbers:5/39 Direct Monday:draw#448,2025-03-10T18:45:00Z,5/39 Direct Monday,448
2025-03-12,3,6,12,27,29,NLA official winning-numbers:5/39 Direct Tuesday:draw#184,2025-03-11T18:45:00Z,5/39 Direct Tuesday,184
2025-03-13,12,13,15,17,19,NLA official winning-numbers:5/39 Direct Wednesday:draw#186,2025-03-12T18:45:00Z,5/39 Direct Wednesday,186
2025-03-14,11,25,28,32,38,NLA official winning-numbers:5/39 Direct Thursday:draw#187,2025-03-13T18:45:00Z,5/39 Direct Thursday,187
2025-03-15,4,13,15,23,26,NLA official winning-numbers:5/39 Direct Friday:draw#184,2025-03-14T18:45:00Z,5/39 Direct Friday,184
2025-03-16,29,34,35,38,39,NLA official winning-numbers:5/39 Direct Saturday:draw#185,2025-03-15T18:45:00Z,5/39 Direct Saturday,185
2025-03-18,9,12,15,29,36,NLA official winning-numbers:5/39 Direct Monday:draw#449,2025-03-17T18:45:00Z,5/39 Direct Monday,449
2025-03-19,21,23,34,36,39,NLA official winning-numbers:5/39 Direct Tuesday:draw#185,2025-03-18T18:45:00Z,5/39 Direct Tuesday,185
2025-03-20,10,13,22,28,30,NLA official winning-numbers:5/39 Direct Wednesday:draw#187,2025-03-19T18:45:00Z,5/39 Direct Wednesday,187
2025-03-21,3,6,18,19,34,NLA official winning-numbers:5/39 Direct Thursday:draw#188,2025-03-20T18:45:00Z,5/39 Direct Thursday,188
2025-03-22,2,10,22,25,28,NLA official winning-numbers:5/39 Direct Friday:draw#185,2025-03-21T18:45:00Z,5/39 Direct Friday,185
2025-03-23,11,12,20,30,31,NLA official winning-numbers:5/39 Direct Saturday:draw#186,2025-03-22T18:45:00Z,5/39 Direct Saturday,186
2025-03-25,4,6,12,20,25,NLA official winning-numbers:5/39 Direct Monday:draw#450,2025-03-24T18:45:00Z,5/39 Direct Monday,450
2025-03-26,10,23,34,35,38,NLA official winning-numbers:5/39 Direct Tuesday:draw#186,2025-03-25T18:45:00Z,5/39 Direct Tuesday,186
2025-03-27,4,8,17,20,31,NLA official winning-numbers:5/39 Direct Wednesday:draw#188,2025-03-26T18:45:00Z,5/39 Direct Wednesday,188
2025-03-28,2,9,13,26,32,NLA official winning-numbers:5/39 Direct Thursday:draw#189,2025-03-27T18:45:00Z,5/39 Direct Thursday,189
2025-03-29,1,8,22,27,37,NLA official winning-numbers:5/39 Direct Friday:draw#186,2025-03-28T18:45:00Z,5/39 Direct Friday,186
2025-03-30,13,18,19,22,29,NLA official winning-numbers:5/39 Direct Saturday:draw#187,2025-03-29T18:45:00Z,5/39 Direct Saturday,187
2025-04-01,11,19,25,31,35,NLA official winning-numbers:5/39 Direct Monday:draw#451,2025-03-31T18:45:00Z,5/39 Direct Monday,451
2025-04-02,17,23,29,31,35,NLA official winning-numbers:5/39 Direct Tuesday:draw#187,2025-04-01T18:45:00Z,5/39 Direct Tuesday,187
2025-04-03,9,10,26,34,39,NLA official winning-numbers:5/39 Direct Wednesday:draw#189,2025-04-02T18:45:00Z,5/39 Direct Wednesday,189
2025-04-04,4,11,18,19,25,NLA official winning-numbers:5/39 Direct Thursday:draw#190,2025-04-03T18:45:00Z,5/39 Direct Thursday,190
2025-04-05,13,24,29,35,38,NLA official winning-numbers:5/39 Direct Friday:draw#187,2025-04-04T18:45:00Z,5/39 Direct Friday,187
2025-04-06,14,15,21,27,38,NLA official winning-numbers:5/39 Direct Saturday:draw#188,2025-04-05T18:45:00Z,5/39 Direct Saturday,188
2025-04-08,7,18,20,23,36,NLA official winning-numbers:5/39 Direct Monday:draw#452,2025-04-07T18:45:00Z,5/39 Direct Monday,452
2025-04-09,7,22,23,34,36,NLA official winning-numbers:5/39 Direct Tuesday:draw#188,2025-04-08T18:45:00Z,5/39 Direct Tuesday,188
2025-04-10,4,5,16,28,32,NLA official winning-numbers:5/39 Direct Wednesday:draw#190,2025-04-09T18:45:00Z,5/39 Direct Wednesday,190
2025-04-11,10,12,15,28,34,NLA official winning-numbers:5/39 Direct Thursday:draw#191,2025-04-10T18:45:00Z,5/39 Direct Thursday,191
2025-04-12,6,10,14,29,36,NLA official winning-numbers:5/39 Direct Friday:draw#188,2025-04-11T18:45:00Z,5/39 Direct Friday,188
2025-04-13,7,10,14,19,31,NLA official winning-numbers:5/39 Direct Saturday:draw#189,2025-04-12T18:45:00Z,5/39 Direct Saturday,189
2025-04-15,12,22,25,31,38,NLA official winning-numbers:5/39 Direct Monday:draw#453,2025-04-14T18:45:00Z,5/39 Direct Monday,453
2025-04-16,2,3,4,5,26,NLA official winning-numbers:5/39 Direct Tuesday:draw#189,2025-04-15T18:45:00Z,5/39 Direct Tuesday,189
2025-04-17,2,7,22,23,28,NLA official winning-numbers:5/39 Direct Wednesday:draw#191,2025-04-16T18:45:00Z,5/39 Direct Wednesday,191
2025-04-18,20,23,29,37,39,NLA official winning-numbers:5/39 Direct Thursday:draw#192,2025-04-17T18:45:00Z,5/39 Direct Thursday,192
2025-04-19,16,19,33,34,37,NLA official winning-numbers:5/39 Direct Friday:draw#189,2025-04-18T18:45:00Z,5/39 Direct Friday,189
2025-04-20,1,18,21,25,29,NLA official winning-numbers:5/39 Direct Saturday:draw#190,2025-04-19T18:45:00Z,5/39 Direct Saturday,190
2025-04-22,3,7,23,30,34,NLA official winning-numbers:5/39 Direct Monday:draw#454,2025-04-21T18:45:00Z,5/39 Direct Monday,454
2025-04-23,14,16,29,30,34,NLA official winning-numbers:5/39 Direct Tuesday:draw#190,2025-04-22T18:45:00Z,5/39 Direct Tuesday,190
2025-04-24,1,6,11,34,37,NLA official winning-numbers:5/39 Direct Wednesday:draw#192,2025-04-23T18:45:00Z,5/39 Direct Wednesday,192
2025-04-25,7,8,18,24,25,NLA official winning-numbers:5/39 Direct Thursday:draw#193,2025-04-24T18:45:00Z,5/39 Direct Thursday,193
2025-04-26,4,5,8,14,25,NLA official winning-numbers:5/39 Direct Friday:draw#190,2025-04-25T18:45:00Z,5/39 Direct Friday,190
2025-04-27,4,5,11,19,31,NLA official winning-numbers:5/39 Direct Saturday:draw#191,2025-04-26T18:45:00Z,5/39 Direct Saturday,191
2025-04-29,2,13,28,30,35,NLA official winning-numbers:5/39 Direct Monday:draw#455,2025-04-28T18:45:00Z,5/39 Direct Monday,455
2025-04-30,6,15,16,34,38,NLA official winning-numbers:5/39 Direct Tuesday:draw#191,2025-04-29T18:45:00Z,5/39 Direct Tuesday,191
2025-05-01,9,20,28,30,36,NLA official winning-numbers:5/39 Direct Wednesday:draw#193,2025-04-30T18:45:00Z,5/39 Direct Wednesday,193
2025-05-02,9,13,14,17,26,NLA official winning-numbers:5/39 Direct Thursday:draw#194,2025-05-01T18:45:00Z,5/39 Direct Thursday,194
2025-05-03,3,16,17,25,32,NLA official winning-numbers:5/39 Direct Friday:draw#191,2025-05-02T18:45:00Z,5/39 Direct Friday,191
2025-05-04,11,27,31,36,37,NLA official winning-numbers:5/39 Direct Saturday:draw#192,2025-05-03T18:45:00Z,5/39 Direct Saturday,192
2025-05-06,7,13,18,28,35,NLA official winning-numbers:5/39 Direct Monday:draw#456,2025-05-05T18:45:00Z,5/39 Direct Monday,456
2025-05-07,6,13,20,24,29,NLA official winning-numbers:5/39 Direct Tuesday:draw#192,2025-05-06T18:45:00Z,5/39 Direct Tuesday,192
2025-05-08,1,10,13,20,28,NLA official winning-numbers:5/39 Direct Wednesday:draw#194,2025-05-07T18:45:00Z,5/39 Direct Wednesday,194
2025-05-09,2,8,18,21,28,NLA official winning-numbers:5/39 Direct Thursday:draw#195,2025-05-08T18:45:00Z,5/39 Direct Thursday,195
2025-05-10,8,9,10,20,26,NLA official winning-numbers:5/39 Direct Friday:draw#192,2025-05-09T18:45:00Z,5/39 Direct Friday,192
2025-05-11,4,13,18,27,33,NLA official winning-numbers:5/39 Direct Saturday:draw#193,2025-05-10T18:45:00Z,5/39 Direct Saturday,193
2025-05-13,1,2,3,29,37,NLA official winning-numbers:5/39 Direct Monday:draw#457,2025-05-12T18:45:00Z,5/39 Direct Monday,457
2025-05-14,7,24,27,28,35,NLA official winning-numbers:5/39 Direct Tuesday:draw#193,2025-05-13T18:45:00Z,5/39 Direct Tuesday,193
2025-05-15,4,6,13,15,33,NLA official winning-numbers:5/39 Direct Wednesday:draw#195,2025-05-14T18:45:00Z,5/39 Direct Wednesday,195
2025-05-16,1,23,27,32,37,NLA official winning-numbers:5/39 Direct Thursday:draw#196,2025-05-15T18:45:00Z,5/39 Direct Thursday,196
2025-05-17,17,21,31,37,38,NLA official winning-numbers:5/39 Direct Friday:draw#193,2025-05-16T18:45:00Z,5/39 Direct Friday,193
2025-05-18,9,16,19,20,23,NLA official winning-numbers:5/39 Direct Saturday:draw#194,2025-05-17T18:45:00Z,5/39 Direct Saturday,194
2025-05-20,11,15,16,24,38,NLA official winning-numbers:5/39 Direct Monday:draw#458,2025-05-19T18:45:00Z,5/39 Direct Monday,458
2025-05-21,7,23,24,31,38,NLA official winning-numbers:5/39 Direct Tuesday:draw#194,2025-05-20T18:45:00Z,5/39 Direct Tuesday,194
2025-05-22,2,30,32,36,37,NLA official winning-numbers:5/39 Direct Wednesday:draw#196,2025-05-21T18:45:00Z,5/39 Direct Wednesday,196
2025-05-23,11,12,19,21,36,NLA official winning-numbers:5/39 Direct Thursday:draw#197,2025-05-22T18:45:00Z,5/39 Direct Thursday,197
2025-05-24,13,27,29,31,34,NLA official winning-numbers:5/39 Direct Friday:draw#194,2025-05-23T18:45:00Z,5/39 Direct Friday,194
2025-05-25,6,9,13,26,28,NLA official winning-numbers:5/39 Direct Saturday:draw#195,2025-05-24T18:45:00Z,5/39 Direct Saturday,195
2025-05-27,12,25,27,29,36,NLA official winning-numbers:5/39 Direct Monday:draw#459,2025-05-26T18:45:00Z,5/39 Direct Monday,459
2025-05-28,1,2,6,20,26,NLA official winning-numbers:5/39 Direct Tuesday:draw#195,2025-05-27T18:45:00Z,5/39 Direct Tuesday,195
2025-05-29,5,6,16,20,24,NLA official winning-numbers:5/39 Direct Wednesday:draw#197,2025-05-28T18:45:00Z,5/39 Direct Wednesday,197
2025-05-30,3,7,10,15,32,NLA official winning-numbers:5/39 Direct Thursday:draw#198,2025-05-29T18:45:00Z,5/39 Direct Thursday,198
2025-05-31,14,17,27,30,34,NLA official winning-numbers:5/39 Direct Friday:draw#195,2025-05-30T18:45:00Z,5/39 Direct Friday,195
2025-06-01,24,27,29,31,32,NLA official winning-numbers:5/39 Direct Saturday:draw#196,2025-05-31T18:45:00Z,5/39 Direct Saturday,196
2025-06-03,6,12,13,17,27,NLA official winning-numbers:5/39 Direct Monday:draw#460,2025-06-02T18:45:00Z,5/39 Direct Monday,460
2025-06-04,4,8,26,36,39,NLA official winning-numbers:5/39 Direct Tuesday:draw#196,2025-06-03T18:45:00Z,5/39 Direct Tuesday,196
2025-06-05,1,3,7,18,31,NLA official winning-numbers:5/39 Direct Wednesday:draw#198,2025-06-04T18:45:00Z,5/39 Direct Wednesday,198
2025-06-06,1,11,23,24,28,NLA official winning-numbers:5/39 Direct Thursday:draw#199,2025-06-05T18:45:00Z,5/39 Direct Thursday,199
2025-06-07,5,6,8,22,27,NLA official winning-numbers:5/39 Direct Friday:draw#196,2025-06-06T18:45:00Z,5/39 Direct Friday,196
2025-06-08,8,16,24,27,34,NLA official winning-numbers:5/39 Direct Saturday:draw#197,2025-06-07T18:45:00Z,5/39 Direct Saturday,197
2025-06-11,1,28,30,31,38,NLA official winning-numbers:5/39 Direct Tuesday:draw#197,2025-06-10T18:45:00Z,5/39 Direct Tuesday,197
2025-06-12,6,29,33,35,39,NLA official winning-numbers:5/39 Direct Wednesday:draw#199,2025-06-11T18:45:00Z,5/39 Direct Wednesday,199
2025-06-13,5,10,12,26,32,NLA official winning-numbers:5/39 Direct Thursday:draw#200,2025-06-12T18:45:00Z,5/39 Direct Thursday,200
2025-06-15,9,10,14,15,18,NLA official winning-numbers:5/39 Direct Saturday:draw#198,2025-06-14T18:45:00Z,5/39 Direct Saturday,198
2025-06-17,3,10,17,18,29,NLA official winning-numbers:5/39 Direct Monday:draw#461,2025-06-16T18:45:00Z,5/39 Direct Monday,461
2025-06-18,4,14,18,25,37,NLA official winning-numbers:5/39 Direct Tuesday:draw#198,2025-06-17T18:45:00Z,5/39 Direct Tuesday,198
2025-06-19,11,13,15,18,32,NLA official winning-numbers:5/39 Direct Wednesday:draw#200,2025-06-18T18:45:00Z,5/39 Direct Wednesday,200
2025-06-20,5,6,11,13,34,NLA official winning-numbers:5/39 Direct Thursday:draw#201,2025-06-19T18:45:00Z,5/39 Direct Thursday,201
2025-06-21,2,18,24,31,33,NLA official winning-numbers:5/39 Direct Friday:draw#197,2025-06-20T18:45:00Z,5/39 Direct Friday,197
2025-06-22,5,12,13,31,33,NLA official winning-numbers:5/39 Direct Saturday:draw#199,2025-06-21T18:45:00Z,5/39 Direct Saturday,199
2025-06-24,2,7,11,31,39,NLA official winning-numbers:5/39 Direct Monday:draw#462,2025-06-23T18:45:00Z,5/39 Direct Monday,462
2025-06-25,5,9,17,19,23,NLA official winning-numbers:5/39 Direct Tuesday:draw#199,2025-06-24T18:45:00Z,5/39 Direct Tuesday,199
2025-06-26,8,18,24,27,39,NLA official winning-numbers:5/39 Direct Wednesday:draw#201,2025-06-25T18:45:00Z,5/39 Direct Wednesday,201
2025-06-27,10,26,30,31,38,NLA official winning-numbers:5/39 Direct Thursday:draw#202,2025-06-26T18:45:00Z,5/39 Direct Thursday,202
2025-06-28,6,13,19,25,31,NLA official winning-numbers:5/39 Direct Friday:draw#198,2025-06-27T18:45:00Z,5/39 Direct Friday,198
2025-06-29,1,4,5,9,20,NLA official winning-numbers:5/39 Direct Saturday:draw#200,2025-06-28T18:45:00Z,5/39 Direct Saturday,200
2025-07-01,3,7,18,27,33,NLA official winning-numbers:5/39 Direct Monday:draw#463,2025-06-30T18:45:00Z,5/39 Direct Monday,463
2025-07-02,6,15,17,34,35,NLA official winning-numbers:5/39 Direct Tuesday:draw#200,2025-07-01T18:45:00Z,5/39 Direct Tuesday,200
2025-07-03,3,18,20,29,35,NLA official winning-numbers:5/39 Direct Wednesday:draw#202,2025-07-02T18:45:00Z,5/39 Direct Wednesday,202
2025-07-04,4,11,23,30,35,NLA official winning-numbers:5/39 Direct Thursday:draw#203,2025-07-03T18:45:00Z,5/39 Direct Thursday,203
2025-07-05,5,18,20,31,37,NLA official winning-numbers:5/39 Direct Friday:draw#199,2025-07-04T18:45:00Z,5/39 Direct Friday,199
2025-07-06,14,17,23,29,34,NLA official winning-numbers:5/39 Direct Saturday:draw#201,2025-07-05T18:45:00Z,5/39 Direct Saturday,201
2025-07-08,10,21,27,28,32,NLA official winning-numbers:5/39 Direct Monday:draw#464,2025-07-07T18:45:00Z,5/39 Direct Monday,464
2025-07-09,5,18,20,27,39,NLA official winning-numbers:5/39 Direct Tuesday:draw#201,2025-07-08T18:45:00Z,5/39 Direct Tuesday,201
2025-07-10,3,8,15,17,30,NLA official winning-numbers:5/39 Direct Wednesday:draw#203,2025-07-09T18:45:00Z,5/39 Direct Wednesday,203
2025-07-11,5,19,20,25,35,NLA official winning-numbers:5/39 Direct Thursday:draw#204,2025-07-10T18:45:00Z,5/39 Direct Thursday,204
2025-07-12,2,3,12,17,26,NLA official winning-numbers:5/39 Direct Friday:draw#200,2025-07-11T18:45:00Z,5/39 Direct Friday,200
2025-07-13,6,21,31,35,39,NLA official winning-numbers:5/39 Direct Saturday:draw#202,2025-07-12T18:45:00Z,5/39 Direct Saturday,202
2025-07-15,6,7,12,30,32,NLA official winning-numbers:5/39 Direct Monday:draw#465,2025-07-14T18:45:00Z,5/39 Direct Monday,465
2025-07-16,8,20,27,34,37,NLA official winning-numbers:5/39 Direct Tuesday:draw#202,2025-07-15T18:45:00Z,5/39 Direct Tuesday,202
2025-07-17,4,7,10,17,36,NLA official winning-numbers:5/39 Direct Wednesday:draw#204,2025-07-16T18:45:00Z,5/39 Direct Wednesday,204
2025-07-18,8,16,25,30,39,NLA official winning-numbers:5/39 Direct Thursday:draw#205,2025-07-17T18:45:00Z,5/39 Direct Thursday,205
2025-07-19,11,32,35,36,38,NLA official winning-numbers:5/39 Direct Friday:draw#201,2025-07-18T18:45:00Z,5/39 Direct Friday,201
2025-07-20,6,13,22,35,36,NLA official winning-numbers:5/39 Direct Saturday:draw#203,2025-07-19T18:45:00Z,5/39 Direct Saturday,203
2025-07-22,3,5,19,30,35,NLA official winning-numbers:5/39 Direct Monday:draw#466,2025-07-21T18:45:00Z,5/39 Direct Monday,466
2025-07-23,2,8,9,29,33,NLA official winning-numbers:5/39 Direct Tuesday:draw#203,2025-07-22T18:45:00Z,5/39 Direct Tuesday,203
2025-07-24,10,21,22,33,39,NLA official winning-numbers:5/39 Direct Wednesday:draw#205,2025-07-23T18:45:00Z,5/39 Direct Wednesday,205
2025-07-25,14,21,26,32,38,NLA official winning-numbers:5/39 Direct Thursday:draw#206,2025-07-24T18:45:00Z,5/39 Direct Thursday,206
2025-07-26,5,9,21,24,39,NLA official winning-numbers:5/39 Direct Friday:draw#202,2025-07-25T18:45:00Z,5/39 Direct Friday,202
2025-07-27,3,5,7,13,27,NLA official winning-numbers:5/39 Direct Saturday:draw#204,2025-07-26T18:45:00Z,5/39 Direct Saturday,204
2025-07-29,2,4,10,14,23,NLA official winning-numbers:5/39 Direct Monday:draw#467,2025-07-28T18:45:00Z,5/39 Direct Monday,467
2025-07-30,6,13,15,23,37,NLA official winning-numbers:5/39 Direct Tuesday:draw#204,2025-07-29T18:45:00Z,5/39 Direct Tuesday,204
2025-07-31,11,12,14,23,31,NLA official winning-numbers:5/39 Direct Wednesday:draw#206,2025-07-30T18:45:00Z,5/39 Direct Wednesday,206
2025-08-01,11,13,24,33,37,NLA official winning-numbers:5/39 Direct Thursday:draw#207,2025-07-31T18:45:00Z,5/39 Direct Thursday,207
2025-08-02,3,4,17,21,37,NLA official winning-numbers:5/39 Direct Friday:draw#203,2025-08-01T18:45:00Z,5/39 Direct Friday,203
2025-08-03,9,22,25,29,31,NLA official winning-numbers:5/39 Direct Saturday:draw#205,2025-08-02T18:45:00Z,5/39 Direct Saturday,205
2025-08-05,2,9,17,33,37,NLA official winning-numbers:5/39 Direct Monday:draw#468,2025-08-04T18:45:00Z,5/39 Direct Monday,468
2025-08-06,19,22,23,25,28,NLA official winning-numbers:5/39 Direct Tuesday:draw#205,2025-08-05T18:45:00Z,5/39 Direct Tuesday,205
2025-08-07,13,16,34,36,37,NLA official winning-numbers:5/39 Direct Wednesday:draw#207,2025-08-06T18:45:00Z,5/39 Direct Wednesday,207
2025-08-08,5,14,21,24,25,NLA official winning-numbers:5/39 Direct Thursday:draw#208,2025-08-07T18:45:00Z,5/39 Direct Thursday,208
2025-08-09,6,9,11,21,32,NLA official winning-numbers:5/39 Direct Friday:draw#204,2025-08-08T18:45:00Z,5/39 Direct Friday,204
2025-08-10,4,9,16,22,27,NLA official winning-numbers:5/39 Direct Saturday:draw#206,2025-08-09T18:45:00Z,5/39 Direct Saturday,206
2025-08-12,12,15,25,32,33,NLA official winning-numbers:5/39 Direct Monday:draw#469,2025-08-11T18:45:00Z,5/39 Direct Monday,469
2025-08-13,3,4,5,19,33,NLA official winning-numbers:5/39 Direct Tuesday:draw#206,2025-08-12T18:45:00Z,5/39 Direct Tuesday,206
2025-08-14,3,18,22,25,32,NLA official winning-numbers:5/39 Direct Wednesday:draw#208,2025-08-13T18:45:00Z,5/39 Direct Wednesday,208
2025-08-15,3,14,23,29,37,NLA official winning-numbers:5/39 Direct Thursday:draw#209,2025-08-14T18:45:00Z,5/39 Direct Thursday,209
2025-08-16,1,9,12,20,38,NLA official winning-numbers:5/39 Direct Friday:draw#205,2025-08-15T18:45:00Z,5/39 Direct Friday,205
2025-08-17,11,19,20,21,26,NLA official winning-numbers:5/39 Direct Saturday:draw#207,2025-08-16T18:45:00Z,5/39 Direct Saturday,207
2025-08-19,1,14,17,24,38,NLA official winning-numbers:5/39 Direct Monday:draw#470,2025-08-18T18:45:00Z,5/39 Direct Monday,470
2025-08-20,2,5,6,23,38,NLA official winning-numbers:5/39 Direct Tuesday:draw#207,2025-08-19T18:45:00Z,5/39 Direct Tuesday,207
2025-08-21,6,22,25,28,31,NLA official winning-numbers:5/39 Direct Wednesday:draw#209,2025-08-20T18:45:00Z,5/39 Direct Wednesday,209
2025-08-22,3,10,23,30,37,NLA official winning-numbers:5/39 Direct Thursday:draw#210,2025-08-21T18:45:00Z,5/39 Direct Thursday,210
2025-08-23,10,11,13,16,31,NLA official winning-numbers:5/39 Direct Friday:draw#206,2025-08-22T18:45:00Z,5/39 Direct Friday,206
2025-08-24,4,19,24,32,36,NLA official winning-numbers:5/39 Direct Saturday:draw#208,2025-08-23T18:45:00Z,5/39 Direct Saturday,208
2025-08-26,3,15,25,29,32,NLA official winning-numbers:5/39 Direct Monday:draw#471,2025-08-25T18:45:00Z,5/39 Direct Monday,471
2025-08-27,19,21,24,29,34,NLA official winning-numbers:5/39 Direct Tuesday:draw#208,2025-08-26T18:45:00Z,5/39 Direct Tuesday,208
2025-08-28,2,11,12,32,33,NLA official winning-numbers:5/39 Direct Wednesday:draw#210,2025-08-27T18:45:00Z,5/39 Direct Wednesday,210
2025-08-29,3,15,20,28,39,NLA official winning-numbers:5/39 Direct Thursday:draw#211,2025-08-28T18:45:00Z,5/39 Direct Thursday,211
2025-08-30,1,13,16,36,39,NLA official winning-numbers:5/39 Direct Friday:draw#207,2025-08-29T18:45:00Z,5/39 Direct Friday,207
2025-08-31,5,10,19,22,39,NLA official winning-numbers:5/39 Direct Saturday:draw#209,2025-08-30T18:45:00Z,5/39 Direct Saturday,209
2025-09-02,9,17,25,26,31,NLA official winning-numbers:5/39 Direct Monday:draw#472,2025-09-01T18:45:00Z,5/39 Direct Monday,472
2025-09-03,1,6,26,29,32,NLA official winning-numbers:5/39 Direct Tuesday:draw#209,2025-09-02T18:45:00Z,5/39 Direct Tuesday,209
2025-09-04,10,16,21,22,34,NLA official winning-numbers:5/39 Direct Wednesday:draw#211,2025-09-03T18:45:00Z,5/39 Direct Wednesday,211
2025-09-05,2,3,9,20,22,NLA official winning-numbers:5/39 Direct Thursday:draw#212,2025-09-04T18:45:00Z,5/39 Direct Thursday,212
2025-09-06,9,13,16,31,38,NLA official winning-numbers:5/39 Direct Friday:draw#208,2025-09-05T18:45:00Z,5/39 Direct Friday,208
2025-09-07,14,19,20,24,28,NLA official winning-numbers:5/39 Direct Saturday:draw#210,2025-09-06T18:45:00Z,5/39 Direct Saturday,210
2025-09-09,1,8,20,25,33,NLA official winning-numbers:5/39 Direct Monday:draw#473,2025-09-08T18:45:00Z,5/39 Direct Monday,473
2025-09-10,2,8,24,30,39,NLA official winning-numbers:5/39 Direct Tuesday:draw#210,2025-09-09T18:45:00Z,5/39 Direct Tuesday,210
2025-09-11,7,21,25,34,36,NLA official winning-numbers:5/39 Direct Wednesday:draw#212,2025-09-10T18:45:00Z,5/39 Direct Wednesday,212
2025-09-12,9,13,14,15,33,NLA official winning-numbers:5/39 Direct Thursday:draw#213,2025-09-11T18:45:00Z,5/39 Direct Thursday,213
2025-09-13,6,8,15,25,28,NLA official winning-numbers:5/39 Direct Friday:draw#209,2025-09-12T18:45:00Z,5/39 Direct Friday,209
2025-09-14,1,5,6,17,19,NLA official winning-numbers:5/39 Direct Saturday:draw#211,2025-09-13T18:45:00Z,5/39 Direct Saturday,211
2025-09-16,3,12,26,31,32,NLA official winning-numbers:5/39 Direct Monday:draw#474,2025-09-15T18:45:00Z,5/39 Direct Monday,474
2025-09-17,2,13,23,27,34,NLA official winning-numbers:5/39 Direct Tuesday:draw#211,2025-09-16T18:45:00Z,5/39 Direct Tuesday,211
2025-09-18,6,15,21,29,37,NLA official winning-numbers:5/39 Direct Wednesday:draw#213,2025-09-17T18:45:00Z,5/39 Direct Wednesday,213
2025-09-19,16,18,23,34,37,NLA official winning-numbers:5/39 Direct Thursday:draw#214,2025-09-18T18:45:00Z,5/39 Direct Thursday,214
2025-09-20,3,4,12,19,31,NLA official winning-numbers:5/39 Direct Friday:draw#210,2025-09-19T18:45:00Z,5/39 Direct Friday,210
2025-09-21,1,9,18,34,37,NLA official winning-numbers:5/39 Direct Saturday:draw#212,2025-09-20T18:45:00Z,5/39 Direct Saturday,212
2025-09-23,10,12,20,22,36,NLA official winning-numbers:5/39 Direct Monday:draw#475,2025-09-22T18:45:00Z,5/39 Direct Monday,475
2025-09-24,7,8,31,33,37,NLA official winning-numbers:5/39 Direct Tuesday:draw#212,2025-09-23T18:45:00Z,5/39 Direct Tuesday,212
2025-09-25,7,12,25,26,31,NLA official winning-numbers:5/39 Direct Wednesday:draw#214,2025-09-24T18:45:00Z,5/39 Direct Wednesday,214
2025-09-26,11,13,18,35,37,NLA official winning-numbers:5/39 Direct Thursday:draw#215,2025-09-25T18:45:00Z,5/39 Direct Thursday,215
2025-09-27,4,21,22,32,39,NLA official winning-numbers:5/39 Direct Friday:draw#211,2025-09-26T18:45:00Z,5/39 Direct Friday,211
2025-09-28,1,4,12,13,17,NLA official winning-numbers:5/39 Direct Saturday:draw#213,2025-09-27T18:45:00Z,5/39 Direct Saturday,213
2025-09-30,6,9,25,27,35,NLA official winning-numbers:5/39 Direct Monday:draw#476,2025-09-29T18:45:00Z,5/39 Direct Monday,476
2025-10-01,28,30,31,33,37,NLA official winning-numbers:5/39 Direct Tuesday:draw#213,2025-09-30T18:45:00Z,5/39 Direct Tuesday,213
2025-10-02,3,4,12,19,22,NLA official winning-numbers:5/39 Direct Wednesday:draw#215,2025-10-01T18:45:00Z,5/39 Direct Wednesday,215
2025-10-03,1,8,15,20,28,NLA official winning-numbers:5/39 Direct Thursday:draw#216,2025-10-02T18:45:00Z,5/39 Direct Thursday,216
2025-10-04,1,4,7,18,27,NLA official winning-numbers:5/39 Direct Friday:draw#212,2025-10-03T18:45:00Z,5/39 Direct Friday,212
2025-10-05,8,21,25,31,33,NLA official winning-numbers:5/39 Direct Saturday:draw#214,2025-10-04T18:45:00Z,5/39 Direct Saturday,214
2025-10-07,4,5,12,18,22,NLA official winning-numbers:5/39 Direct Monday:draw#477,2025-10-06T18:45:00Z,5/39 Direct Monday,477
2025-10-08,1,8,27,31,36,NLA official winning-numbers:5/39 Direct Tuesday:draw#214,2025-10-07T18:45:00Z,5/39 Direct Tuesday,214
2025-10-09,6,9,16,21,30,NLA official winning-numbers:5/39 Direct Wednesday:draw#216,2025-10-08T18:45:00Z,5/39 Direct Wednesday,216
2025-10-10,12,13,14,26,32,NLA official winning-numbers:5/39 Direct Thursday:draw#217,2025-10-09T18:45:00Z,5/39 Direct Thursday,217
2025-10-11,1,2,12,17,37,NLA official winning-numbers:5/39 Direct Friday:draw#213,2025-10-10T18:45:00Z,5/39 Direct Friday,213
2025-10-12,3,4,8,20,24,NLA official winning-numbers:5/39 Direct Saturday:draw#215,2025-10-11T18:45:00Z,5/39 Direct Saturday,215
2025-10-14,3,15,16,23,25,NLA official winning-numbers:5/39 Direct Monday:draw#478,2025-10-13T18:45:00Z,5/39 Direct Monday,478
2025-10-15,6,13,14,18,38,NLA official winning-numbers:5/39 Direct Tuesday:draw#215,2025-10-14T18:45:00Z,5/39 Direct Tuesday,215
2025-10-16,3,5,6,13,38,NLA official winning-numbers:5/39 Direct Wednesday:draw#217,2025-10-15T18:45:00Z,5/39 Direct Wednesday,217
2025-10-17,2,3,20,23,31,NLA official winning-numbers:5/39 Direct Thursday:draw#218,2025-10-16T18:45:00Z,5/39 Direct Thursday,218
2025-10-18,10,13,18,34,36,NLA official winning-numbers:5/39 Direct Friday:draw#214,2025-10-17T18:45:00Z,5/39 Direct Friday,214
2025-10-19,3,5,16,17,18,NLA official winning-numbers:5/39 Direct Saturday:draw#216,2025-10-18T18:45:00Z,5/39 Direct Saturday,216
2025-10-21,4,10,22,30,32,NLA official winning-numbers:5/39 Direct Monday:draw#479,2025-10-20T18:45:00Z,5/39 Direct Monday,479
2025-10-22,4,16,31,32,38,NLA official winning-numbers:5/39 Direct Tuesday:draw#216,2025-10-21T18:45:00Z,5/39 Direct Tuesday,216
2025-10-23,2,14,23,38,39,NLA official winning-numbers:5/39 Direct Wednesday:draw#218,2025-10-22T18:45:00Z,5/39 Direct Wednesday,218
2025-10-24,5,7,16,28,39,NLA official winning-numbers:5/39 Direct Thursday:draw#219,2025-10-23T18:45:00Z,5/39 Direct Thursday,219
2025-10-25,1,5,12,24,35,NLA official winning-numbers:5/39 Direct Friday:draw#215,2025-10-24T18:45:00Z,5/39 Direct Friday,215
2025-10-26,11,13,16,21,23,NLA official winning-numbers:5/39 Direct Saturday:draw#217,2025-10-25T18:45:00Z,5/39 Direct Saturday,217
2025-10-28,4,7,11,27,35,NLA official winning-numbers:5/39 Direct Monday:draw#480,2025-10-27T18:45:00Z,5/39 Direct Monday,480
2025-10-29,13,15,20,34,39,NLA official winning-numbers:5/39 Direct Tuesday:draw#217,2025-10-28T18:45:00Z,5/39 Direct Tuesday,217
2025-10-30,8,10,18,24,30,NLA official winning-numbers:5/39 Direct Wednesday:draw#219,2025-10-29T18:45:00Z,5/39 Direct Wednesday,219
2025-10-31,14,20,26,33,34,NLA official winning-numbers:5/39 Direct Thursday:draw#220,2025-10-30T18:45:00Z,5/39 Direct Thursday,220
2025-11-01,13,19,21,30,36,NLA official winning-numbers:5/39 Direct Friday:draw#216,2025-10-31T18:45:00Z,5/39 Direct Friday,216
2025-11-02,10,14,26,30,32,NLA official winning-numbers:5/39 Direct Saturday:draw#218,2025-11-01T18:45:00Z,5/39 Direct Saturday,218
2025-11-04,6,7,15,17,28,NLA official winning-numbers:5/39 Direct Monday:draw#481,2025-11-03T18:45:00Z,5/39 Direct Monday,481
2025-11-05,5,14,17,22,29,NLA official winning-numbers:5/39 Direct Tuesday:draw#218,2025-11-04T18:45:00Z,5/39 Direct Tuesday,218
2025-11-06,5,11,19,27,36,NLA official winning-numbers:5/39 Direct Wednesday:draw#220,2025-11-05T18:45:00Z,5/39 Direct Wednesday,220
2025-11-07,10,15,18,22,23,NLA official winning-numbers:5/39 Direct Thursday:draw#221,2025-11-06T18:45:00Z,5/39 Direct Thursday,221
2025-11-08,8,14,17,18,33,NLA official winning-numbers:5/39 Direct Friday:draw#217,2025-11-07T18:45:00Z,5/39 Direct Friday,217
2025-11-09,11,19,21,22,37,NLA official winning-numbers:5/39 Direct Saturday:draw#219,2025-11-08T18:45:00Z,5/39 Direct Saturday,219
2025-11-11,12,14,31,33,38,NLA official winning-numbers:5/39 Direct Monday:draw#482,2025-11-10T18:45:00Z,5/39 Direct Monday,482
2025-11-12,7,8,13,18,37,NLA official winning-numbers:5/39 Direct Tuesday:draw#219,2025-11-11T18:45:00Z,5/39 Direct Tuesday,219
2025-11-13,2,16,18,19,27,NLA official winning-numbers:5/39 Direct Wednesday:draw#221,2025-11-12T18:45:00Z,5/39 Direct Wednesday,221
2025-11-14,12,24,26,31,34,NLA official winning-numbers:5/39 Direct Thursday:draw#222,2025-11-13T18:45:00Z,5/39 Direct Thursday,222
2025-11-15,2,23,32,33,37,NLA official winning-numbers:5/39 Direct Friday:draw#218,2025-11-14T18:45:00Z,5/39 Direct Friday,218
2025-11-16,13,17,18,29,35,NLA official winning-numbers:5/39 Direct Saturday:draw#220,2025-11-15T18:45:00Z,5/39 Direct Saturday,220
2025-11-18,5,9,14,18,21,NLA official winning-numbers:5/39 Direct Monday:draw#483,2025-11-17T18:45:00Z,5/39 Direct Monday,483
2025-11-19,16,18,25,26,38,NLA official winning-numbers:5/39 Direct Tuesday:draw#220,2025-11-18T18:45:00Z,5/39 Direct Tuesday,220
2025-11-20,6,10,12,30,38,NLA official winning-numbers:5/39 Direct Wednesday:draw#222,2025-11-19T18:45:00Z,5/39 Direct Wednesday,222
2025-11-21,2,9,19,21,25,NLA official winning-numbers:5/39 Direct Thursday:draw#223,2025-11-20T18:45:00Z,5/39 Direct Thursday,223
2025-11-22,10,26,35,36,39,NLA official winning-numbers:5/39 Direct Friday:draw#219,2025-11-21T18:45:00Z,5/39 Direct Friday,219
2025-11-23,15,22,25,31,34,NLA official winning-numbers:5/39 Direct Saturday:draw#221,2025-11-22T18:45:00Z,5/39 Direct Saturday,221
2025-11-25,5,15,23,27,30,NLA official winning-numbers:5/39 Direct Monday:draw#484,2025-11-24T18:45:00Z,5/39 Direct Monday,484
2025-11-26,13,15,16,18,29,NLA official winning-numbers:5/39 Direct Tuesday:draw#221,2025-11-25T18:45:00Z,5/39 Direct Tuesday,221
2025-11-27,6,19,27,34,39,NLA official winning-numbers:5/39 Direct Wednesday:draw#223,2025-11-26T18:45:00Z,5/39 Direct Wednesday,223
2025-11-28,14,17,20,28,32,NLA official winning-numbers:5/39 Direct Thursday:draw#224,2025-11-27T18:45:00Z,5/39 Direct Thursday,224
2025-11-29,9,15,19,38,39,NLA official winning-numbers:5/39 Direct Friday:draw#220,2025-11-28T18:45:00Z,5/39 Direct Friday,220
2025-11-30,7,8,19,32,35,NLA official winning-numbers:5/39 Direct Saturday:draw#222,2025-11-29T18:45:00Z,5/39 Direct Saturday,222
2025-12-02,19,27,31,36,39,NLA official winning-numbers:5/39 Direct Monday:draw#485,2025-12-01T18:45:00Z,5/39 Direct Monday,485
2025-12-03,14,15,19,20,31,NLA official winning-numbers:5/39 Direct Tuesday:draw#222,2025-12-02T18:45:00Z,5/39 Direct Tuesday,222
2025-12-04,3,14,15,26,32,NLA official winning-numbers:5/39 Direct Wednesday:draw#224,2025-12-03T18:45:00Z,5/39 Direct Wednesday,224
2025-12-05,1,4,21,30,34,NLA official winning-numbers:5/39 Direct Thursday:draw#225,2025-12-04T18:45:00Z,5/39 Direct Thursday,225
2025-12-06,3,5,10,20,24,NLA official winning-numbers:5/39 Direct Friday:draw#221,2025-12-05T18:45:00Z,5/39 Direct Friday,221
2025-12-07,9,16,21,22,23,NLA official winning-numbers:5/39 Direct Saturday:draw#223,2025-12-06T18:45:00Z,5/39 Direct Saturday,223
2025-12-09,6,13,14,21,23,NLA official winning-numbers:5/39 Direct Monday:draw#486,2025-12-08T18:45:00Z,5/39 Direct Monday,486
2025-12-10,4,5,7,36,37,NLA official winning-numbers:5/39 Direct Tuesday:draw#223,2025-12-09T18:45:00Z,5/39 Direct Tuesday,223
2025-12-11,13,16,27,34,37,NLA official winning-numbers:5/39 Direct Wednesday:draw#225,2025-12-10T18:45:00Z,5/39 Direct Wednesday,225
2025-12-12,3,10,14,15,31,NLA official winning-numbers:5/39 Direct Thursday:draw#226,2025-12-11T18:45:00Z,5/39 Direct Thursday,226
2025-12-13,7,10,12,28,38,NLA official winning-numbers:5/39 Direct Friday:draw#222,2025-12-12T18:45:00Z,5/39 Direct Friday,222
2025-12-14,8,13,15,20,36,NLA official winning-numbers:5/39 Direct Saturday:draw#224,2025-12-13T18:45:00Z,5/39 Direct Saturday,224
2025-12-16,2,4,13,34,37,NLA official winning-numbers:5/39 Direct Monday:draw#487,2025-12-15T18:45:00Z,5/39 Direct Monday,487
2025-12-17,3,5,11,30,31,NLA official winning-numbers:5/39 Direct Tuesday:draw#224,2025-12-16T18:45:00Z,5/39 Direct Tuesday,224
2025-12-18,25,26,27,32,38,NLA official winning-numbers:5/39 Direct Wednesday:draw#226,2025-12-17T18:45:00Z,5/39 Direct Wednesday,226
2025-12-19,2,12,20,30,36,NLA official winning-numbers:5/39 Direct Thursday:draw#227,2025-12-18T18:45:00Z,5/39 Direct Thursday,227
2025-12-20,11,16,23,24,39,NLA official winning-numbers:5/39 Direct Friday:draw#223,2025-12-19T18:45:00Z,5/39 Direct Friday,223
2025-12-21,2,5,27,29,36,NLA official winning-numbers:5/39 Direct Saturday:draw#225,2025-12-20T18:45:00Z,5/39 Direct Saturday,225
2025-12-23,9,17,21,24,32,NLA official winning-numbers:5/39 Direct Monday:draw#488,2025-12-22T18:45:00Z,5/39 Direct Monday,488
2025-12-24,5,6,30,37,38,NLA official winning-numbers:5/39 Direct Tuesday:draw#225,2025-12-23T18:45:00Z,5/39 Direct Tuesday,225
2025-12-25,18,27,30,35,36,NLA official winning-numbers:5/39 Direct Wednesday:draw#227,2025-12-24T18:45:00Z,5/39 Direct Wednesday,227
2025-12-28,20,25,28,30,33,NLA official winning-numbers:5/39 Direct Saturday:draw#226,2025-12-27T18:45:00Z,5/39 Direct Saturday,226
2025-12-30,12,15,19,31,39,NLA official winning-numbers:5/39 Direct Monday:draw#489,2025-12-29T18:45:00Z,5/39 Direct Monday,489
2025-12-31,19,21,25,32,37,NLA official winning-numbers:5/39 Direct Tuesday:draw#226,2025-12-30T18:45:00Z,5/39 Direct Tuesday,226
2026-01-01,5,13,18,27,29,NLA official winning-numbers:5/39 Direct Wednesday:draw#228,2025-12-31T18:45:00Z,5/39 Direct Wednesday,228
2026-01-03,13,14,22,30,39,NLA official winning-numbers:5/39 Direct Friday:draw#224,2026-01-02T18:45:00Z,5/39 Direct Friday,224
2026-01-04,1,10,15,16,18,NLA official winning-numbers:5/39 Direct Saturday:draw#227,2026-01-03T18:45:00Z,5/39 Direct Saturday,227
2026-01-06,1,11,13,14,25,NLA official winning-numbers:5/39 Direct Monday:draw#490,2026-01-05T18:45:00Z,5/39 Direct Monday,490
2026-01-07,14,19,29,36,39,NLA official winning-numbers:5/39 Direct Tuesday:draw#227,2026-01-06T18:45:00Z,5/39 Direct Tuesday,227
2026-01-08,4,8,23,28,34,NLA official winning-numbers:5/39 Direct Wednesday:draw#229,2026-01-07T18:45:00Z,5/39 Direct Wednesday,229
2026-01-09,3,4,7,21,23,NLA official winning-numbers:5/39 Direct Thursday:draw#228,2026-01-08T18:45:00Z,5/39 Direct Thursday,228
2026-01-11,7,9,10,13,28,NLA official winning-numbers:5/39 Direct Saturday:draw#228,2026-01-10T18:45:00Z,5/39 Direct Saturday,228
2026-01-13,6,9,16,34,38,NLA official winning-numbers:5/39 Direct Monday:draw#491,2026-01-12T18:45:00Z,5/39 Direct Monday,491
2026-01-14,2,3,4,10,27,NLA official winning-numbers:5/39 Direct Tuesday:draw#228,2026-01-13T18:45:00Z,5/39 Direct Tuesday,228
2026-01-15,8,9,11,30,34,NLA official winning-numbers:5/39 Direct Wednesday:draw#230,2026-01-14T18:45:00Z,5/39 Direct Wednesday,230
2026-01-16,11,12,15,20,38,NLA official winning-numbers:5/39 Direct Thursday:draw#229,2026-01-15T18:45:00Z,5/39 Direct Thursday,229
2026-01-17,3,6,11,15,23,NLA official winning-numbers:5/39 Direct Friday:draw#225,2026-01-16T18:45:00Z,5/39 Direct Friday,225
2026-01-18,5,6,21,29,34,NLA official winning-numbers:5/39 Direct Saturday:draw#229,2026-01-17T18:45:00Z,5/39 Direct Saturday,229
2026-01-20,3,7,11,20,39,NLA official winning-numbers:5/39 Direct Monday:draw#492,2026-01-19T18:45:00Z,5/39 Direct Monday,492
2026-01-21,4,7,9,35,37,NLA official winning-numbers:5/39 Direct Tuesday:draw#229,2026-01-20T18:45:00Z,5/39 Direct Tuesday,229
2026-01-22,9,10,21,26,30,NLA official winning-numbers:5/39 Direct Wednesday:draw#231,2026-01-21T18:45:00Z,5/39 Direct Wednesday,231
2026-01-23,6,18,22,26,33,NLA official winning-numbers:5/39 Direct Thursday:draw#230,2026-01-22T18:45:00Z,5/39 Direct Thursday,230
2026-01-24,2,4,7,17,24,NLA official winning-numbers:5/39 Direct Friday:draw#226,2026-01-23T18:45:00Z,5/39 Direct Friday,226
2026-01-25,6,14,15,19,24,NLA official winning-numbers:5/39 Direct Saturday:draw#230,2026-01-24T18:45:00Z,5/39 Direct Saturday,230
2026-01-27,7,14,16,26,30,NLA official winning-numbers:5/39 Direct Monday:draw#493,2026-01-26T18:45:00Z,5/39 Direct Monday,493
2026-01-28,2,10,12,14,33,NLA official winning-numbers:5/39 Direct Tuesday:draw#230,2026-01-27T18:45:00Z,5/39 Direct Tuesday,230
2026-01-29,6,11,30,31,33,NLA official winning-numbers:5/39 Direct Wednesday:draw#232,2026-01-28T18:45:00Z,5/39 Direct Wednesday,232
2026-01-30,12,13,31,35,39,NLA official winning-numbers:5/39 Direct Thursday:draw#231,2026-01-29T18:45:00Z,5/39 Direct Thursday,231
2026-01-31,1,2,6,7,17,NLA official winning-numbers:5/39 Direct Friday:draw#227,2026-01-30T18:45:00Z,5/39 Direct Friday,227
2026-02-01,8,20,22,27,28,NLA official winning-numbers:5/39 Direct Saturday:draw#231,2026-01-31T18:45:00Z,5/39 Direct Saturday,231
2026-02-03,9,10,17,22,28,NLA official winning-numbers:5/39 Direct Monday:draw#494,2026-02-02T18:45:00Z,5/39 Direct Monday,494
2026-02-04,1,2,4,6,14,NLA official winning-numbers:5/39 Direct Tuesday:draw#231,2026-02-03T18:45:00Z,5/39 Direct Tuesday,231
2026-02-05,2,5,26,31,37,NLA official winning-numbers:5/39 Direct Wednesday:draw#233,2026-02-04T18:45:00Z,5/39 Direct Wednesday,233
2026-02-06,2,7,11,20,21,NLA official winning-numbers:5/39 Direct Thursday:draw#232,2026-02-05T18:45:00Z,5/39 Direct Thursday,232
2026-02-07,7,17,20,25,31,NLA official winning-numbers:5/39 Direct Friday:draw#228,2026-02-06T18:45:00Z,5/39 Direct Friday,228
2026-02-08,2,3,7,9,17,NLA official winning-numbers:5/39 Direct Saturday:draw#232,2026-02-07T18:45:00Z,5/39 Direct Saturday,232
2026-02-10,2,6,16,18,29,NLA official winning-numbers:5/39 Direct Monday:draw#495,2026-02-09T18:45:00Z,5/39 Direct Monday,495
2026-02-11,4,10,18,21,32,NLA official winning-numbers:5/39 Direct Tuesday:draw#232,2026-02-10T18:45:00Z,5/39 Direct Tuesday,232
2026-02-12,4,11,25,34,35,NLA official winning-numbers:5/39 Direct Wednesday:draw#234,2026-02-11T18:45:00Z,5/39 Direct Wednesday,234
2026-02-13,7,16,17,29,38,NLA official winning-numbers:5/39 Direct Thursday:draw#233,2026-02-12T18:45:00Z,5/39 Direct Thursday,233
2026-02-14,5,11,18,28,31,NLA official winning-numbers:5/39 Direct Friday:draw#229,2026-02-13T18:45:00Z,5/39 Direct Friday,229
2026-02-15,7,9,11,12,32,NLA official winning-numbers:5/39 Direct Saturday:draw#233,2026-02-14T18:45:00Z,5/39 Direct Saturday,233
2026-02-17,3,6,17,34,36,NLA official winning-numbers:5/39 Direct Monday:draw#496,2026-02-16T18:45:00Z,5/39 Direct Monday,496
2026-02-18,3,9,15,21,28,NLA official winning-numbers:5/39 Direct Tuesday:draw#233,2026-02-17T18:45:00Z,5/39 Direct Tuesday,233
2026-02-19,10,18,22,31,32,NLA official winning-numbers:5/39 Direct Wednesday:draw#235,2026-02-18T18:45:00Z,5/39 Direct Wednesday,235
2026-02-20,7,9,20,32,35,NLA official winning-numbers:5/39 Direct Thursday:draw#234,2026-02-19T18:45:00Z,5/39 Direct Thursday,234
2026-02-21,3,6,15,31,39,NLA official winning-numbers:5/39 Direct Friday:draw#230,2026-02-20T18:45:00Z,5/39 Direct Friday,230
2026-02-22,6,9,10,19,23,NLA official winning-numbers:5/39 Direct Saturday:draw#234,2026-02-21T18:45:00Z,5/39 Direct Saturday,234
2026-02-24,1,12,24,25,31,NLA official winning-numbers:5/39 Direct Monday:draw#497,2026-02-23T18:45:00Z,5/39 Direct Monday,497
2026-02-25,8,18,28,29,31,NLA official winning-numbers:5/39 Direct Tuesday:draw#234,2026-02-24T18:45:00Z,5/39 Direct Tuesday,234
2026-02-26,1,4,11,18,33,NLA official winning-numbers:5/39 Direct Wednesday:draw#236,2026-02-25T18:45:00Z,5/39 Direct Wednesday,236
2026-02-27,5,8,11,23,29,NLA official winning-numbers:5/39 Direct Thursday:draw#235,2026-02-26T18:45:00Z,5/39 Direct Thursday,235
2026-02-28,5,7,9,25,38,NLA official winning-numbers:5/39 Direct Friday:draw#231,2026-02-27T18:45:00Z,5/39 Direct Friday,231
2026-03-01,3,12,16,19,35,NLA official winning-numbers:5/39 Direct Saturday:draw#235,2026-02-28T18:45:00Z,5/39 Direct Saturday,235
2026-03-03,10,19,25,27,35,NLA official winning-numbers:5/39 Direct Monday:draw#498,2026-03-02T18:45:00Z,5/39 Direct Monday,498
2026-03-04,8,22,29,35,38,NLA official winning-numbers:5/39 Direct Tuesday:draw#235,2026-03-03T18:45:00Z,5/39 Direct Tuesday,235
2026-03-05,1,6,20,21,28,NLA official winning-numbers:5/39 Direct Wednesday:draw#237,2026-03-04T18:45:00Z,5/39 Direct Wednesday,237
2026-03-06,14,15,16,20,28,NLA official winning-numbers:5/39 Direct Thursday:draw#236,2026-03-05T18:45:00Z,5/39 Direct Thursday,236
2026-03-07,9,12,16,26,34,NLA official winning-numbers:5/39 Direct Friday:draw#232,2026-03-06T18:45:00Z,5/39 Direct Friday,232
2026-03-08,6,8,14,21,33,NLA official winning-numbers:5/39 Direct Saturday:draw#236,2026-03-07T18:45:00Z,5/39 Direct Saturday,236
2026-03-10,14,18,25,26,33,NLA official winning-numbers:5/39 Direct Monday:draw#499,2026-03-09T18:45:00Z,5/39 Direct Monday,499
2026-03-11,7,14,33,34,39,NLA official winning-numbers:5/39 Direct Tuesday:draw#236,2026-03-10T18:45:00Z,5/39 Direct Tuesday,236
2026-03-12,12,14,24,30,39,NLA official winning-numbers:5/39 Direct Wednesday:draw#238,2026-03-11T18:45:00Z,5/39 Direct Wednesday,238
2026-03-13,14,16,25,28,30,NLA official winning-numbers:5/39 Direct Thursday:draw#237,2026-03-12T18:45:00Z,5/39 Direct Thursday,237
2026-03-14,1,11,19,25,38,NLA official winning-numbers:5/39 Direct Friday:draw#233,2026-03-13T18:45:00Z,5/39 Direct Friday,233
2026-03-15,8,11,22,31,34,NLA official winning-numbers:5/39 Direct Saturday:draw#237,2026-03-14T18:45:00Z,5/39 Direct Saturday,237
2026-03-17,2,28,34,36,37,NLA official winning-numbers:5/39 Direct Monday:draw#500,2026-03-16T18:45:00Z,5/39 Direct Monday,500
2026-03-18,7,9,11,19,31,NLA official winning-numbers:5/39 Direct Tuesday:draw#237,2026-03-17T18:45:00Z,5/39 Direct Tuesday,237
2026-03-19,14,21,22,27,33,NLA official winning-numbers:5/39 Direct Wednesday:draw#239,2026-03-18T18:45:00Z,5/39 Direct Wednesday,239
2026-03-20,2,12,18,21,33,NLA official winning-numbers:5/39 Direct Thursday:draw#238,2026-03-19T18:45:00Z,5/39 Direct Thursday,238
2026-03-21,26,32,35,36,37,NLA official winning-numbers:5/39 Direct Friday:draw#234,2026-03-20T18:45:00Z,5/39 Direct Friday,234
2026-03-22,10,19,21,34,39,NLA official winning-numbers:5/39 Direct Saturday:draw#238,2026-03-21T18:45:00Z,5/39 Direct Saturday,238
2026-03-24,2,5,10,25,32,NLA official winning-numbers:5/39 Direct Monday:draw#501,2026-03-23T18:45:00Z,5/39 Direct Monday,501
2026-03-25,2,16,27,33,38,NLA official winning-numbers:5/39 Direct Tuesday:draw#238,2026-03-24T18:45:00Z,5/39 Direct Tuesday,238
2026-03-26,11,17,31,34,36,NLA official winning-numbers:5/39 Direct Wednesday:draw#240,2026-03-25T18:45:00Z,5/39 Direct Wednesday,240
2026-03-27,4,12,14,16,27,NLA official winning-numbers:5/39 Direct Thursday:draw#239,2026-03-26T18:45:00Z,5/39 Direct Thursday,239
2026-03-28,14,17,20,21,26,NLA official winning-numbers:5/39 Direct Friday:draw#235,2026-03-27T18:45:00Z,5/39 Direct Friday,235
2026-03-29,4,14,31,32,37,NLA official winning-numbers:5/39 Direct Saturday:draw#239,2026-03-28T18:45:00Z,5/39 Direct Saturday,239
2026-03-31,6,16,18,19,39,NLA official winning-numbers:5/39 Direct Monday:draw#502,2026-03-30T18:45:00Z,5/39 Direct Monday,502
2026-04-01,1,5,10,12,37,NLA official winning-numbers:5/39 Direct Tuesday:draw#239,2026-03-31T18:45:00Z,5/39 Direct Tuesday,239
2026-04-02,5,7,13,25,30,NLA official winning-numbers:5/39 Direct Wednesday:draw#241,2026-04-01T18:45:00Z,5/39 Direct Wednesday,241
2026-04-03,1,8,37,38,39,NLA official winning-numbers:5/39 Direct Thursday:draw#240,2026-04-02T18:45:00Z,5/39 Direct Thursday,240
2026-04-05,14,18,21,23,32,NLA official winning-numbers:5/39 Direct Saturday:draw#240,2026-04-04T18:45:00Z,5/39 Direct Saturday,240
2026-04-07,5,6,20,37,39,NLA official winning-numbers:5/39 Direct Monday:draw#503,2026-04-06T18:45:00Z,5/39 Direct Monday,503
2026-04-08,4,5,12,16,30,NLA official winning-numbers:5/39 Direct Tuesday:draw#240,2026-04-07T18:45:00Z,5/39 Direct Tuesday,240
2026-04-09,1,7,14,24,39,NLA official winning-numbers:5/39 Direct Wednesday:draw#242,2026-04-08T18:45:00Z,5/39 Direct Wednesday,242
2026-04-10,5,12,16,18,25,NLA official winning-numbers:5/39 Direct Thursday:draw#241,2026-04-09T18:45:00Z,5/39 Direct Thursday,241
2026-04-12,10,15,21,26,27,NLA official winning-numbers:5/39 Direct Saturday:draw#241,2026-04-11T18:45:00Z,5/39 Direct Saturday,241
2026-04-15,15,23,29,30,35,NLA official winning-numbers:5/39 Direct Tuesday:draw#241,2026-04-14T18:45:00Z,5/39 Direct Tuesday,241
2026-04-16,9,15,27,35,36,NLA official winning-numbers:5/39 Direct Wednesday:draw#243,2026-04-15T18:45:00Z,5/39 Direct Wednesday,243
2026-04-17,1,11,28,30,34,NLA official winning-numbers:5/39 Direct Thursday:draw#242,2026-04-16T18:45:00Z,5/39 Direct Thursday,242
2026-04-19,13,25,29,32,37,NLA official winning-numbers:5/39 Direct Saturday:draw#242,2026-04-18T18:45:00Z,5/39 Direct Saturday,242
2026-04-22,1,2,9,33,37,NLA official winning-numbers:5/39 Direct Tuesday:draw#242,2026-04-21T18:45:00Z,5/39 Direct Tuesday,242
2026-04-23,3,8,28,30,38,NLA official winning-numbers:5/39 Direct Wednesday:draw#244,2026-04-22T18:45:00Z,5/39 Direct Wednesday,244
2026-04-24,1,12,15,18,28,NLA official winning-numbers:5/39 Direct Thursday:draw#243,2026-04-23T18:45:00Z,5/39 Direct Thursday,243
2026-04-25,20,22,29,30,39,NLA official winning-numbers:5/39 Direct Friday:draw#236,2026-04-24T18:45:00Z,5/39 Direct Friday,236
2026-04-26,1,11,22,30,34,NLA official winning-numbers:5/39 Direct Saturday:draw#243,2026-04-25T18:45:00Z,5/39 Direct Saturday,243
2026-04-28,3,8,17,18,28,NLA official winning-numbers:5/39 Direct Monday:draw#504,2026-04-27T18:45:00Z,5/39 Direct Monday,504
2026-04-29,1,7,15,18,22,NLA official winning-numbers:5/39 Direct Tuesday:draw#243,2026-04-28T18:45:00Z,5/39 Direct Tuesday,243
2026-04-30,12,18,21,29,33,NLA official winning-numbers:5/39 Direct Wednesday:draw#245,2026-04-29T18:45:00Z,5/39 Direct Wednesday,245
2026-05-01,2,28,34,35,36,NLA official winning-numbers:5/39 Direct Thursday:draw#244,2026-04-30T18:45:00Z,5/39 Direct Thursday,244
2026-05-02,4,5,7,8,10,NLA official winning-numbers:5/39 Direct Friday:draw#237,2026-05-01T18:45:00Z,5/39 Direct Friday,237
2026-05-03,3,5,15,30,36,NLA official winning-numbers:5/39 Direct Saturday:draw#244,2026-05-02T18:45:00Z,5/39 Direct Saturday,244
2026-05-05,12,13,22,27,31,NLA official winning-numbers:5/39 Direct Monday:draw#505,2026-05-04T18:45:00Z,5/39 Direct Monday,505
2026-05-06,1,16,19,33,39,NLA official winning-numbers:5/39 Direct Tuesday:draw#244,2026-05-05T18:45:00Z,5/39 Direct Tuesday,244
2026-05-07,19,20,22,25,34,NLA official winning-numbers:5/39 Direct Wednesday:draw#246,2026-05-06T18:45:00Z,5/39 Direct Wednesday,246
2026-05-08,8,16,17,28,31,NLA official winning-numbers:5/39 Direct Thursday:draw#245,2026-05-07T18:45:00Z,5/39 Direct Thursday,245
2026-05-10,4,26,30,34,39,NLA official winning-numbers:5/39 Direct Saturday:draw#245,2026-05-09T18:45:00Z,5/39 Direct Saturday,245
2026-05-12,4,15,25,30,33,NLA official winning-numbers:5/39 Direct Monday:draw#506,2026-05-11T18:45:00Z,5/39 Direct Monday,506
2026-05-13,2,10,15,16,31,NLA official winning-numbers:5/39 Direct Tuesday:draw#245,2026-05-12T18:45:00Z,5/39 Direct Tuesday,245
2026-05-14,1,7,9,11,32,NLA official winning-numbers:5/39 Direct Wednesday:draw#247,2026-05-13T18:45:00Z,5/39 Direct Wednesday,247
2026-05-15,5,15,28,29,30,NLA official winning-numbers:5/39 Direct Thursday:draw#246,2026-05-14T18:45:00Z,5/39 Direct Thursday,246
2026-05-16,3,5,14,30,36,NLA official winning-numbers:5/39 Direct Friday:draw#238,2026-05-15T18:45:00Z,5/39 Direct Friday,238
2026-05-17,1,11,16,30,38,NLA official winning-numbers:5/39 Direct Saturday:draw#246,2026-05-16T18:45:00Z,5/39 Direct Saturday,246
2026-05-19,2,4,14,21,32,NLA official winning-numbers:5/39 Direct Monday:draw#507,2026-05-18T18:45:00Z,5/39 Direct Monday,507
2026-05-20,6,12,22,35,37,NLA official winning-numbers:5/39 Direct Tuesday:draw#246,2026-05-19T18:45:00Z,5/39 Direct Tuesday,246
2026-05-21,1,4,10,19,25,NLA official winning-numbers:5/39 Direct Wednesday:draw#248,2026-05-20T18:45:00Z,5/39 Direct Wednesday,248
2026-05-22,9,15,27,31,38,NLA official winning-numbers:5/39 Direct Thursday:draw#247,2026-05-21T18:45:00Z,5/39 Direct Thursday,247
2026-05-23,7,16,26,36,39,NLA official winning-numbers:5/39 Direct Friday:draw#239,2026-05-22T18:45:00Z,5/39 Direct Friday,239
2026-05-24,4,6,25,27,29,NLA official winning-numbers:5/39 Direct Saturday:draw#247,2026-05-23T18:45:00Z,5/39 Direct Saturday,247
2026-05-26,4,11,21,22,28,NLA official winning-numbers:5/39 Direct Monday:draw#508,2026-05-25T18:45:00Z,5/39 Direct Monday,508
2026-05-27,3,12,23,29,32,NLA official winning-numbers:5/39 Direct Tuesday:draw#247,2026-05-26T18:45:00Z,5/39 Direct Tuesday,247
2026-05-29,5,7,9,11,13,NLA official winning-numbers:5/39 Direct Thursday:draw#248,2026-05-28T18:45:00Z,5/39 Direct Thursday,248
2026-05-30,3,7,30,32,33,NLA official winning-numbers:5/39 Direct Friday:draw#240,2026-05-29T18:45:00Z,5/39 Direct Friday,240
2026-05-31,14,20,24,33,38,NLA official winning-numbers:5/39 Direct Saturday:draw#248,2026-05-30T18:45:00Z,5/39 Direct Saturday,248
2026-06-02,9,11,20,22,34,NLA official winning-numbers:5/39 Direct Monday:draw#509,2026-06-01T18:45:00Z,5/39 Direct Monday,509
2026-06-03,16,18,27,30,36,NLA official winning-numbers:5/39 Direct Tuesday:draw#248,2026-06-02T18:45:00Z,5/39 Direct Tuesday,248
2026-06-04,2,11,19,31,37,NLA official winning-numbers:5/39 Direct Wednesday:draw#249,2026-06-03T18:45:00Z,5/39 Direct Wednesday,249
2026-06-05,3,5,27,29,36,NLA official winning-numbers:5/39 Direct Thursday:draw#249,2026-06-04T18:45:00Z,5/39 Direct Thursday,249
2026-06-06,6,7,14,21,35,NLA official winning-numbers:5/39 Direct Friday:draw#241,2026-06-05T18:45:00Z,5/39 Direct Friday,241
2026-06-07,1,2,17,22,25,NLA official winning-numbers:5/39 Direct Saturday:draw#249,2026-06-06T18:45:00Z,5/39 Direct Saturday,249
2026-06-09,6,9,18,28,33,NLA official winning-numbers:5/39 Direct Monday:draw#510,2026-06-08T18:45:00Z,5/39 Direct Monday,510
2026-06-10,3,4,9,11,26,NLA official winning-numbers:5/39 Direct Tuesday:draw#249,2026-06-09T18:45:00Z,5/39 Direct Tuesday,249
2026-06-11,2,15,16,17,29,NLA official winning-numbers:5/39 Direct Wednesday:draw#250,2026-06-10T18:45:00Z,5/39 Direct Wednesday,250
2026-06-12,5,11,23,30,38,NLA official winning-numbers:5/39 Direct Thursday:draw#250,2026-06-11T18:45:00Z,5/39 Direct Thursday,250
2026-06-13,1,6,16,22,26,NLA official winning-numbers:5/39 Direct Friday:draw#242,2026-06-12T18:45:00Z,5/39 Direct Friday,242
2026-06-14,7,16,20,26,27,NLA official winning-numbers:5/39 Direct Saturday:draw#250,2026-06-13T18:45:00Z,5/39 Direct Saturday,250
2026-06-16,15,26,29,33,37,NLA official winning-numbers:5/39 Direct Monday:draw#511,2026-06-15T18:45:00Z,5/39 Direct Monday,511
2026-06-17,7,11,15,16,37,NLA official winning-numbers:5/39 Direct Tuesday:draw#250,2026-06-16T18:45:00Z,5/39 Direct Tuesday,250
2026-06-18,7,12,27,28,39,NLA official winning-numbers:5/39 Direct Wednesday:draw#251,2026-06-17T18:45:00Z,5/39 Direct Wednesday,251
2026-06-19,1,4,11,31,32,NLA official winning-numbers:5/39 Direct Thursday:draw#251,2026-06-18T18:45:00Z,5/39 Direct Thursday,251
2026-06-20,2,11,12,23,31,NLA official winning-numbers:5/39 Direct Friday:draw#243,2026-06-19T18:45:00Z,5/39 Direct Friday,243
2026-06-21,3,9,15,27,34,NLA official winning-numbers:5/39 Direct Saturday:draw#251,2026-06-20T18:45:00Z,5/39 Direct Saturday,251
2026-06-23,3,6,7,20,32,NLA official winning-numbers:5/39 Direct Monday:draw#512,2026-06-22T18:45:00Z,5/39 Direct Monday,512
2026-06-24,16,18,24,33,37,NLA official winning-numbers:5/39 Direct Tuesday:draw#251,2026-06-23T18:45:00Z,5/39 Direct Tuesday,251
2026-06-25,9,12,17,36,37,NLA official winning-numbers:5/39 Direct Wednesday:draw#252,2026-06-24T18:45:00Z,5/39 Direct Wednesday,252
2026-06-26,10,12,18,23,32,NLA official winning-numbers:5/39 Direct Thursday:draw#252,2026-06-25T18:45:00Z,5/39 Direct Thursday,252
2026-06-27,2,6,14,20,30,NLA official winning-numbers:5/39 Direct Friday:draw#244,2026-06-26T18:45:00Z,5/39 Direct Friday,244
2026-06-28,20,21,26,33,39,NLA official winning-numbers:5/39 Direct Saturday:draw#252,2026-06-27T18:45:00Z,5/39 Direct Saturday,252
2026-06-30,5,6,10,17,20,NLA official winning-numbers:5/39 Direct Monday:draw#513,2026-06-29T18:45:00Z,5/39 Direct Monday,513
2026-07-01,20,24,27,31,35,NLA official winning-numbers:5/39 Direct Tuesday:draw#252,2026-06-30T18:45:00Z,5/39 Direct Tuesday,252
2026-07-02,5,7,24,32,38,NLA official winning-numbers:5/39 Direct Wednesday:draw#253,2026-07-01T18:45:00Z,5/39 Direct Wednesday,253
2026-07-03,2,16,23,35,36,NLA official winning-numbers:5/39 Direct Thursday:draw#253,2026-07-02T18:45:00Z,5/39 Direct Thursday,253
2026-07-05,9,16,17,20,24,NLA official winning-numbers:5/39 Direct Saturday:draw#253,2026-07-04T18:45:00Z,5/39 Direct Saturday,253
2026-07-07,13,18,22,27,30,NLA official winning-numbers:5/39 Direct Monday:draw#514,2026-07-06T18:45:00Z,5/39 Direct Monday,514
2026-07-08,1,8,17,33,36,NLA official winning-numbers:5/39 Direct Tuesday:draw#253,2026-07-07T18:45:00Z,5/39 Direct Tuesday,253
2026-07-09,7,17,18,19,24,NLA official winning-numbers:5/39 Direct Wednesday:draw#254,2026-07-08T18:45:00Z,5/39 Direct Wednesday,254
2026-07-10,8,15,17,21,26,NLA official winning-numbers:5/39 Direct Thursday:draw#254,2026-07-09T18:45:00Z,5/39 Direct Thursday,254
2026-07-11,2,14,18,25,26,NLA official winning-numbers:5/39 Direct Friday:draw#245,2026-07-10T18:45:00Z,5/39 Direct Friday,245
2026-07-12,8,13,16,18,35,NLA official winning-numbers:5/39 Direct Saturday:draw#254,2026-07-11T18:45:00Z,5/39 Direct Saturday,254
2026-07-14,7,10,14,20,25,NLA official winning-numbers:5/39 Direct Monday:draw#515,2026-07-13T18:45:00Z,5/39 Direct Monday,515
2026-07-15,3,17,18,29,32,NLA official winning-numbers:5/39 Direct Tuesday:draw#254,2026-07-14T18:45:00Z,5/39 Direct Tuesday,254
2026-07-16,3,17,32,33,39,NLA official winning-numbers:5/39 Direct Wednesday:draw#255,2026-07-15T18:45:00Z,5/39 Direct Wednesday,255
2026-07-17,1,11,19,33,35,NLA official winning-numbers:5/39 Direct Thursday:draw#255,2026-07-16T18:45:00Z,5/39 Direct Thursday,255
2026-07-18,2,11,22,30,31,NLA official winning-numbers:5/39 Direct Friday:draw#246,2026-07-17T18:45:00Z,5/39 Direct Friday,246
2026-07-19,3,9,12,15,25,NLA official winning-numbers:5/39 Direct Saturday:draw#255,2026-07-18T18:45:00Z,5/39 Direct Saturday,255
2026-07-21,13,19,29,35,39,NLA official winning-numbers:5/39 Direct Monday:draw#516,2026-07-20T18:45:00Z,5/39 Direct Monday,516
